test_id,problem_class,N,sqrt_N,compression_level,status,error_code,runtime_G,runtime_H,RUOR,vm_instr_G,vm_instr_H,VIO,allocation_G,allocation_H,AOR,peak_live_G,peak_live_H,PMOR,loop_iterations_G,loop_iterations_H,semantic_steps_G,semantic_steps_H,ru_created_H,ru_activated_H,ru_executed_H,ru_verified_H,ru_rejected_H,ru_completed_H,ru_lifecycle_transition_H,ru_invalid_transition_H,ru_hypothesis_H,ru_verification_H,ru_constraint_derivation_H,ru_goal_evaluation_H,ru_termination_check_H,ru_native_H,ru_legacy_adapter_H,ru_evidence_created_H,ru_evidence_attached_H,NRR,LRR,RUVMR,result_equal,hypothesis_hash_equal,ru_sequence_hash,ru_lifecycle_hash,runtime_H_old,RUOR_old,AOR_old,runtime_H1,RUOR_H1,runtime_H_fast,runtime_H2,RUOR_fast,RUOR_H2,FastPathSpeedup,SemanticHashSpeedup,VIO_fast,allocation_H_fast,AOR_fast,ru_sequence_hash_count,ru_sequence_hash_full,ru_lifecycle_hash_count,ru_lifecycle_hash_full,ru_hash_bytes,metrics_equal,hash_equal
highly_composite_24b,highly_composite,24000000000,154919,high,pass,,99312.5,203895.5,2.0530698552548774,2.0,2.0,1.0,42.0,42.0,1.0,42.0,42.0,1.0,0.0,0.0,1.0,1.0,96,96,96,17,31,96,336,0,48,48,0,0,0,96,0,48,48,1.0,0.0,0.020833333333333332,True,True,sha256:89664a5f355aa3d961a71d6e84b68a4918cd608f572efae967362dbf1a9fdae5,sha256:2512f3e906ee0736c761c0e33175c8f282b47d98f6715fcd476a9fd2b9d9040c,244708.5,3.0548848996304803,2225.785714285714,226041.5,2.813053407089833,203895.5,203895.5,2.0530698552548774,2.0530698552548774,1.2001662616389277,1.1086144618199028,1.0,42.0,1.0,sha256:89664a5f355aa3d961a71d6e84b68a4918cd608f572efae967362dbf1a9fdae5,sha256:89664a5f355aa3d961a71d6e84b68a4918cd608f572efae967362dbf1a9fdae5,sha256:2512f3e906ee0736c761c0e33175c8f282b47d98f6715fcd476a9fd2b9d9040c,sha256:2512f3e906ee0736c761c0e33175c8f282b47d98f6715fcd476a9fd2b9d9040c,31774,True,True
synthetic_sqrt1000000_k6,high_compression,999983000289,999991,high,pass,,25188.0,37584.0,1.4921391138637445,2.0,2.0,1.0,42.0,42.0,1.0,42.0,42.0,1.0,0.0,0.0,1.0,1.0,12,12,12,2,4,12,42,0,6,6,0,0,0,12,0,6,6,1.0,0.0,0.16666666666666666,True,True,sha256:63551b79c7e2109f04f795d37fb600a7275485f9c4a17a3b3c90a8d9004b9012,sha256:289e37998fc1b7816b9eaab3739ded64ab8e9b996ec098de7ce1c262121d80ba,55708.5,2.3171325180933366,277.1190476190476,48938.0,2.1630055248618785,37584.0,37584.0,1.4921391138637445,1.4921391138637445,1.4822397828863345,1.3020966368667517,1.0,42.0,1.0,sha256:63551b79c7e2109f04f795d37fb600a7275485f9c4a17a3b3c90a8d9004b9012,sha256:63551b79c7e2109f04f795d37fb600a7275485f9c4a17a3b3c90a8d9004b9012,sha256:289e37998fc1b7816b9eaab3739ded64ab8e9b996ec098de7ce1c262121d80ba,sha256:289e37998fc1b7816b9eaab3739ded64ab8e9b996ec098de7ce1c262121d80ba,3944,True,True
synthetic_sqrt1000000_k8,high_compression,999966000289,999983,high,pass,,26583.5,42292.0,1.5909116557262963,2.0,2.0,1.0,42.0,42.0,1.0,42.0,42.0,1.0,0.0,0.0,1.0,1.0,16,16,16,0,8,16,56,0,8,8,0,0,0,16,0,8,8,1.0,0.0,0.125,True,True,sha256:8306046e1059723a12fa9d911b65f4004c98465aef711e565ac3342422012d99,sha256:f1eae98feeccce3b03f008d5af7dc8631f3074d8bee933ed346a44b8c524ebc8,66771.0,2.5416722178869837,369.07142857142856,55417.0,2.285237113402062,42292.0,42292.0,1.5909116557262963,1.5909116557262963,1.5788092310602477,1.3103423815378794,1.0,42.0,1.0,sha256:8306046e1059723a12fa9d911b65f4004c98465aef711e565ac3342422012d99,sha256:8306046e1059723a12fa9d911b65f4004c98465aef711e565ac3342422012d99,sha256:f1eae98feeccce3b03f008d5af7dc8631f3074d8bee933ed346a44b8c524ebc8,sha256:f1eae98feeccce3b03f008d5af7dc8631f3074d8bee933ed346a44b8c524ebc8,5258,True,True
case_004_highly_composite,highly_composite,2882880,1697,high,pass,,53583.0,105729.0,1.9731817927327697,2.0,2.0,1.0,42.0,42.0,1.0,42.0,42.0,1.0,0.0,0.0,1.0,1.0,54,54,54,22,5,54,189,0,27,27,0,0,0,54,0,27,27,1.0,0.0,0.037037037037037035,True,True,sha256:da5edf16da077803e3be26ba6d2ec294d050adcf9ba346106606f8a41fd1a0f0,sha256:4cc4c9b2c760fdd8ecda0a7f586f594f6ce0bcd03bd8dd264394d622404bf757,151396.0,3.091039016721452,1251.5238095238096,133395.5,2.606042549866177,105729.0,105729.0,1.9731817927327697,1.9731817927327697,1.4319250158423895,1.261673712983193,1.0,42.0,1.0,sha256:da5edf16da077803e3be26ba6d2ec294d050adcf9ba346106606f8a41fd1a0f0,sha256:da5edf16da077803e3be26ba6d2ec294d050adcf9ba346106606f8a41fd1a0f0,sha256:4cc4c9b2c760fdd8ecda0a7f586f594f6ce0bcd03bd8dd264394d622404bf757,sha256:4cc4c9b2c760fdd8ecda0a7f586f594f6ce0bcd03bd8dd264394d622404bf757,17851,True,True
case_005_repeated_factor,repeated_factor,784,28,medium,pass,,63437.5,128958.5,2.0328433497536946,2.0,2.0,1.0,42.0,42.0,1.0,42.0,42.0,1.0,0.0,0.0,1.0,1.0,68,68,68,7,27,68,238,0,34,34,0,0,0,68,0,34,34,1.0,0.0,0.029411764705882353,True,True,sha256:e4cd1bc3b3c7442c0017a5d7281576eb9e9baac099674f4e755d193c8359e423,sha256:d1bd1dc8171f66b2d3450ab6371730cea52b3320df3dd1d488d31e6359cda416,193791.5,3.4098111149234165,1575.642857142857,167125.0,2.8127708633123794,128958.5,128958.5,2.0328433497536946,2.0328433497536946,1.502743130541996,1.2959595528794148,1.0,42.0,1.0,sha256:e4cd1bc3b3c7442c0017a5d7281576eb9e9baac099674f4e755d193c8359e423,sha256:e4cd1bc3b3c7442c0017a5d7281576eb9e9baac099674f4e755d193c8359e423,sha256:d1bd1dc8171f66b2d3450ab6371730cea52b3320df3dd1d488d31e6359cda416,sha256:d1bd1dc8171f66b2d3450ab6371730cea52b3320df3dd1d488d31e6359cda416,22492,True,True
case_006_small_search_space,small_search_space,21557,146,low,pass,,72479.5,149208.5,2.0586303713463807,2.0,2.0,1.0,42.0,42.0,1.0,42.0,42.0,1.0,0.0,0.0,1.0,1.0,82,82,82,0,41,82,287,0,41,41,0,0,0,82,0,41,41,1.0,0.0,0.024390243902439025,True,True,sha256:fff90d39d34b1a2680f672c3f827218bbd4529a3d6b69b469fd181aa9223ff24,sha256:2ef96678c2ddee5d8d31d98d07429664038ad4a4251cc9d155582b8c4e3c5333,214396.0,3.2648971325018654,1900.142857142857,189709.0,2.7370296629732227,149208.5,149208.5,2.0586303713463807,2.0586303713463807,1.4368886491051114,1.2714356085611744,1.0,42.0,1.0,sha256:fff90d39d34b1a2680f672c3f827218bbd4529a3d6b69b469fd181aa9223ff24,sha256:fff90d39d34b1a2680f672c3f827218bbd4529a3d6b69b469fd181aa9223ff24,sha256:2ef96678c2ddee5d8d31d98d07429664038ad4a4251cc9d155582b8c4e3c5333,sha256:2ef96678c2ddee5d8d31d98d07429664038ad4a4251cc9d155582b8c4e3c5333,27133,True,True
case_007_medium_search_space,medium_search_space,23867,154,high,pass,,80729.0,167479.0,2.0745828636549444,2.0,2.0,1.0,42.0,42.0,1.0,42.0,42.0,1.0,0.0,0.0,1.0,1.0,96,96,96,1,47,96,336,0,48,48,0,0,0,96,0,48,48,1.0,0.0,0.020833333333333332,True,True,sha256:647392b43dd9fd69db2596482274cd8d32822d4111b14423ec2c2704d80f5472,sha256:4e950d03d3a2a4b79257934d64a40802f97409f1a9e48cf781d0c2fde2cf6dd8,241042.0,3.301945205479452,2225.0238095238096,215333.5,2.672195128004666,167479.0,167479.0,2.0745828636549444,2.0745828636549444,1.4392371580914622,1.2857343308713332,1.0,42.0,1.0,sha256:647392b43dd9fd69db2596482274cd8d32822d4111b14423ec2c2704d80f5472,sha256:647392b43dd9fd69db2596482274cd8d32822d4111b14423ec2c2704d80f5472,sha256:4e950d03d3a2a4b79257934d64a40802f97409f1a9e48cf781d0c2fde2cf6dd8,sha256:4e950d03d3a2a4b79257934d64a40802f97409f1a9e48cf781d0c2fde2cf6dd8,31774,True,True
case_008_large_search_space,large_search_space,26177,161,medium,pass,,34771.0,57521.0,1.6542808662391073,2.0,2.0,1.0,42.0,42.0,1.0,42.0,42.0,1.0,0.0,0.0,1.0,1.0,24,24,24,0,12,24,84,0,12,12,0,0,0,24,0,12,12,1.0,0.0,0.08333333333333333,True,True,sha256:8f0e347bb298cd560b500f75c14d04a4f42a8c2e7865bc0c8d2c3f2511c0e0a5,sha256:41ecc69d5d7cf0b208f839a5d85d28928264b02f063501800743b621a4da043b,90666.5,2.8406961807187394,554.4047619047619,76708.0,2.352717457980616,57521.0,57521.0,1.6542808662391073,1.6542808662391073,1.5762330279376229,1.3335651327341318,1.0,42.0,1.0,sha256:8f0e347bb298cd560b500f75c14d04a4f42a8c2e7865bc0c8d2c3f2511c0e0a5,sha256:8f0e347bb298cd560b500f75c14d04a4f42a8c2e7865bc0c8d2c3f2511c0e0a5,sha256:41ecc69d5d7cf0b208f839a5d85d28928264b02f063501800743b621a4da043b,sha256:41ecc69d5d7cf0b208f839a5d85d28928264b02f063501800743b621a4da043b,7906,True,True
case_009_high_compression,high_compression,28487,168,low,pass,,41166.5,79271.0,1.9256191320612634,2.0,2.0,1.0,42.0,42.0,1.0,42.0,42.0,1.0,0.0,0.0,1.0,1.0,38,38,38,0,19,38,133,0,19,19,0,0,0,38,0,19,19,1.0,0.0,0.05263157894736842,True,True,sha256:3b42c320d7372ba6e625468732a96825c22a8da348cab6bf91d1d986f42c9fca,sha256:29b617d2c20374ef8a93672969de7bfd593ea14fd0cc92b228d988bd83f711d5,122395.5,3.0189803167085985,879.2380952380952,103562.5,2.4830368274671524,79271.0,79271.0,1.9256191320612634,1.9256191320612634,1.5440135736902525,1.3064361494115124,1.0,42.0,1.0,sha256:3b42c320d7372ba6e625468732a96825c22a8da348cab6bf91d1d986f42c9fca,sha256:3b42c320d7372ba6e625468732a96825c22a8da348cab6bf91d1d986f42c9fca,sha256:29b617d2c20374ef8a93672969de7bfd593ea14fd0cc92b228d988bd83f711d5,sha256:29b617d2c20374ef8a93672969de7bfd593ea14fd0cc92b228d988bd83f711d5,12547,True,True
case_010_low_compression,low_compression,30797,175,high,pass,,52667.0,103583.0,1.9667533749786394,2.0,2.0,1.0,42.0,42.0,1.0,42.0,42.0,1.0,0.0,0.0,1.0,1.0,52,52,52,2,24,52,182,0,26,26,0,0,0,52,0,26,26,1.0,0.0,0.038461538461538464,True,True,sha256:5f81c559e00606615cb96488eeeef5e5c6a354e0b8cd775ad6cf50b175110792,sha256:fee74b359a8fa55eff2d9d29366dc5e3a126bdaa0096eec0be163b8492f648d8,157000.0,3.269368928500776,1204.1666666666667,141771.0,2.693985748218527,103583.0,103583.0,1.9667533749786394,1.9667533749786394,1.5156927295019453,1.3686705347402566,1.0,42.0,1.0,sha256:5f81c559e00606615cb96488eeeef5e5c6a354e0b8cd775ad6cf50b175110792,sha256:5f81c559e00606615cb96488eeeef5e5c6a354e0b8cd775ad6cf50b175110792,sha256:fee74b359a8fa55eff2d9d29366dc5e3a126bdaa0096eec0be163b8492f648d8,sha256:fee74b359a8fa55eff2d9d29366dc5e3a126bdaa0096eec0be163b8492f648d8,17188,True,True
case_011_early_termination,early_termination,33107,181,medium,pass,,63625.0,123917.0,1.9476149312377211,2.0,2.0,1.0,42.0,42.0,1.0,42.0,42.0,1.0,0.0,0.0,1.0,1.0,66,66,66,0,33,66,231,0,33,33,0,0,0,66,0,33,33,1.0,0.0,0.030303030303030304,True,True,sha256:e9c16414d244dbef9671a3ffa72cbcdeb9fef0454db6fbb8d38a4326b230f5d0,sha256:bab7c9e9a0ea6ee0db291aab98629039d3e7f15bb8eec1cc4f4062b84b0e178e,180562.5,3.1677631578947367,1528.904761904762,163729.0,2.673104709349311,123917.0,123917.0,1.9476149312377211,1.9476149312377211,1.4571245269010709,1.3212795661612209,1.0,42.0,1.0,sha256:e9c16414d244dbef9671a3ffa72cbcdeb9fef0454db6fbb8d38a4326b230f5d0,sha256:e9c16414d244dbef9671a3ffa72cbcdeb9fef0454db6fbb8d38a4326b230f5d0,sha256:bab7c9e9a0ea6ee0db291aab98629039d3e7f15bb8eec1cc4f4062b84b0e178e,sha256:bab7c9e9a0ea6ee0db291aab98629039d3e7f15bb8eec1cc4f4062b84b0e178e,21829,True,True
case_012_long_search,long_search,35417,188,low,pass,,71104.0,146979.0,2.067098897389739,2.0,2.0,1.0,42.0,42.0,1.0,42.0,42.0,1.0,0.0,0.0,1.0,1.0,80,80,80,0,40,80,280,0,40,40,0,0,0,80,0,40,40,1.0,0.0,0.025,True,True,sha256:ed7c7412fda27bb3ece9b50b5eb068f2504232d618257b16dabe6cb7c570777c,sha256:0ed0f93434797ccd2c029ed534f4c7ed3b7cf1c81e9d4b63dc507f353b3f7cab,209624.5,3.2270526566961983,1853.7380952380952,188396.0,2.6628221708680506,146979.0,146979.0,2.067098897389739,2.067098897389739,1.4262207526245245,1.2817885548275605,1.0,42.0,1.0,sha256:ed7c7412fda27bb3ece9b50b5eb068f2504232d618257b16dabe6cb7c570777c,sha256:ed7c7412fda27bb3ece9b50b5eb068f2504232d618257b16dabe6cb7c570777c,sha256:0ed0f93434797ccd2c029ed534f4c7ed3b7cf1c81e9d4b63dc507f353b3f7cab,sha256:0ed0f93434797ccd2c029ed534f4c7ed3b7cf1c81e9d4b63dc507f353b3f7cab,26470,True,True
case_013_prime,prime,37727,194,high,pass,,79771.0,167417.0,2.0987200862468818,2.0,2.0,1.0,42.0,42.0,1.0,42.0,42.0,1.0,0.0,0.0,1.0,1.0,94,94,94,1,46,94,329,0,47,47,0,0,0,94,0,47,47,1.0,0.0,0.02127659574468085,True,True,sha256:a708ae7117bb8f1d64a1b5170cc33329d458896d76a3e1a0e1eb0c3b539c9a25,sha256:a399a8b3a81d9b64727e7e468819e8ba3c2534cb3533b00967c7d7e88a07bec7,246833.0,3.4144124827953495,2178.6190476190477,213146.0,2.790033444378268,167417.0,167417.0,2.0987200862468818,2.0987200862468818,1.4743604293470793,1.2731443043418529,1.0,42.0,1.0,sha256:a708ae7117bb8f1d64a1b5170cc33329d458896d76a3e1a0e1eb0c3b539c9a25,sha256:a708ae7117bb8f1d64a1b5170cc33329d458896d76a3e1a0e1eb0c3b539c9a25,sha256:a399a8b3a81d9b64727e7e468819e8ba3c2534cb3533b00967c7d7e88a07bec7,sha256:a399a8b3a81d9b64727e7e468819e8ba3c2534cb3533b00967c7d7e88a07bec7,31111,True,True
case_014_semiprime,semiprime,13224,114,medium,pass,,32875.0,56417.0,1.716106463878327,2.0,2.0,1.0,42.0,42.0,1.0,42.0,42.0,1.0,0.0,0.0,1.0,1.0,22,22,22,6,5,22,77,0,11,11,0,0,0,22,0,11,11,1.0,0.0,0.09090909090909091,True,True,sha256:202b05f05d901409cdd2a513a66d5a3135b9fc6b25fc501ead69052aa7e62acf,sha256:a14f88fcd8fc98514129ba538e962f9e38c9874bc6e2763deedd37c9cab5ae6e,84354.0,2.6708249560688335,508.2857142857143,72604.0,2.438749118269457,56417.0,56417.0,1.716106463878327,1.716106463878327,1.49518762075261,1.2869170640055303,1.0,42.0,1.0,sha256:202b05f05d901409cdd2a513a66d5a3135b9fc6b25fc501ead69052aa7e62acf,sha256:202b05f05d901409cdd2a513a66d5a3135b9fc6b25fc501ead69052aa7e62acf,sha256:a14f88fcd8fc98514129ba538e962f9e38c9874bc6e2763deedd37c9cab5ae6e,sha256:a14f88fcd8fc98514129ba538e962f9e38c9874bc6e2763deedd37c9cab5ae6e,7243,True,True
case_015_composite,composite,1444,38,low,pass,,40812.5,75687.0,1.8545053598774885,2.0,2.0,1.0,42.0,42.0,1.0,42.0,42.0,1.0,0.0,0.0,1.0,1.0,36,36,36,3,15,36,126,0,18,18,0,0,0,36,0,18,18,1.0,0.0,0.05555555555555555,True,True,sha256:e642c97807b2975282c6b9b0d4e7634990e5bd0a5b4e783a24e97059e9f3f4b6,sha256:68ea9de157477aa41988c1b0ecb19106278dcef7f99c56cd6fa157195f0c54b0,117875.5,2.8970937019969276,832.9761904761905,100541.5,2.58076646645105,75687.0,75687.0,1.8545053598774885,1.8545053598774885,1.5574074808091218,1.328385323767622,1.0,42.0,1.0,sha256:e642c97807b2975282c6b9b0d4e7634990e5bd0a5b4e783a24e97059e9f3f4b6,sha256:e642c97807b2975282c6b9b0d4e7634990e5bd0a5b4e783a24e97059e9f3f4b6,sha256:68ea9de157477aa41988c1b0ecb19106278dcef7f99c56cd6fa157195f0c54b0,sha256:68ea9de157477aa41988c1b0ecb19106278dcef7f99c56cd6fa157195f0c54b0,11884,True,True
case_016_highly_composite,highly_composite,11531520,3395,high,pass,,52208.0,97542.0,1.8683343548881397,2.0,2.0,1.0,42.0,42.0,1.0,42.0,42.0,1.0,0.0,0.0,1.0,1.0,50,50,50,21,4,50,175,0,25,25,0,0,0,50,0,25,25,1.0,0.0,0.04,True,True,sha256:d7fc4490f6b253c230258805cafcbd74f952047b01d2a2a92d818e9c5cb385cf,sha256:0f998dcfa34e5837d469074528fd5f523306f5e1ac5fe0ee63709f5772949fb3,145333.5,3.054283522649658,1158.6666666666667,132062.5,2.7323181644201227,97542.0,97542.0,1.8683343548881397,1.8683343548881397,1.4899581718644277,1.3539039593200877,1.0,42.0,1.0,sha256:d7fc4490f6b253c230258805cafcbd74f952047b01d2a2a92d818e9c5cb385cf,sha256:d7fc4490f6b253c230258805cafcbd74f952047b01d2a2a92d818e9c5cb385cf,sha256:0f998dcfa34e5837d469074528fd5f523306f5e1ac5fe0ee63709f5772949fb3,sha256:0f998dcfa34e5837d469074528fd5f523306f5e1ac5fe0ee63709f5772949fb3,16525,True,True
case_017_repeated_factor,repeated_factor,1600,40,medium,pass,,59791.5,119520.5,1.998954700919027,2.0,2.0,1.0,42.0,42.0,1.0,42.0,42.0,1.0,0.0,0.0,1.0,1.0,64,64,64,9,23,64,224,0,32,32,0,0,0,64,0,32,32,1.0,0.0,0.03125,True,True,sha256:e010f327247b91910a27789c86930a226dab58a0982fd20dcab805e4ea53ea57,sha256:725c03475dc6693d203268232e91467a8675271b1818dbfb925e8a9fa99eb216,172083.5,3.169621395614415,1482.9285714285713,158708.0,2.6739225662971324,119520.5,119520.5,1.998954700919027,1.998954700919027,1.4397822967608067,1.327872624361511,1.0,42.0,1.0,sha256:e010f327247b91910a27789c86930a226dab58a0982fd20dcab805e4ea53ea57,sha256:e010f327247b91910a27789c86930a226dab58a0982fd20dcab805e4ea53ea57,sha256:725c03475dc6693d203268232e91467a8675271b1818dbfb925e8a9fa99eb216,sha256:725c03475dc6693d203268232e91467a8675271b1818dbfb925e8a9fa99eb216,21166,True,True
case_018_small_search_space,small_search_space,49277,221,low,pass,,68479.0,141499.5,2.0663196016296967,2.0,2.0,1.0,42.0,42.0,1.0,42.0,42.0,1.0,0.0,0.0,1.0,1.0,78,78,78,0,39,78,273,0,39,39,0,0,0,78,0,39,39,1.0,0.0,0.02564102564102564,True,True,sha256:10e5a45472c5c6176e58e24828f3a8a933356f2824a7f730c31daa0a9589639e,sha256:a105cf4966678fc8afee35fec3daefbf1d59529fd277b99e53d00096853834b7,209021.0,3.257478590853483,1807.3333333333333,180917.0,2.729113083879532,141499.5,141499.5,2.0663196016296967,2.0663196016296967,1.4771854317506423,1.278569888939537,1.0,42.0,1.0,sha256:10e5a45472c5c6176e58e24828f3a8a933356f2824a7f730c31daa0a9589639e,sha256:10e5a45472c5c6176e58e24828f3a8a933356f2824a7f730c31daa0a9589639e,sha256:a105cf4966678fc8afee35fec3daefbf1d59529fd277b99e53d00096853834b7,sha256:a105cf4966678fc8afee35fec3daefbf1d59529fd277b99e53d00096853834b7,25807,True,True
case_019_medium_search_space,medium_search_space,51587,227,high,pass,,77291.5,160583.5,2.0776346687540026,2.0,2.0,1.0,42.0,42.0,1.0,42.0,42.0,1.0,0.0,0.0,1.0,1.0,92,92,92,0,46,92,322,0,46,46,0,0,0,92,0,46,46,1.0,0.0,0.021739130434782608,True,True,sha256:d0ef3ccc5bf124a05926473015682adf55175cd2ccd014d995a262e46b78860a,sha256:5df800e097ce9d8db18bf3cb9c7f522bfd68e2abc79fa344123e6e9fbd2c487d,229437.5,3.2135678919835007,2132.1666666666665,213353.5,2.733846735390786,160583.5,160583.5,2.0776346687540026,2.0776346687540026,1.428773815491629,1.328614085506917,1.0,42.0,1.0,sha256:d0ef3ccc5bf124a05926473015682adf55175cd2ccd014d995a262e46b78860a,sha256:d0ef3ccc5bf124a05926473015682adf55175cd2ccd014d995a262e46b78860a,sha256:5df800e097ce9d8db18bf3cb9c7f522bfd68e2abc79fa344123e6e9fbd2c487d,sha256:5df800e097ce9d8db18bf3cb9c7f522bfd68e2abc79fa344123e6e9fbd2c487d,30448,True,True
case_020_large_search_space,large_search_space,53897,232,medium,pass,,30479.5,50979.5,1.672583211666858,2.0,2.0,1.0,42.0,42.0,1.0,42.0,42.0,1.0,0.0,0.0,1.0,1.0,20,20,20,0,10,20,70,0,10,10,0,0,0,20,0,10,10,1.0,0.0,0.1,True,True,sha256:5bbcc4c42e13510073d8fa7e3d474346b5dfefe0cec806456bc9309c300a4317,sha256:e97e123eb75dbb325b23b9e73bfc634abfdf5119f2dd9e1cc251c3fb2f811991,76250.0,2.49317442411758,461.5952380952381,66020.5,2.27167311827957,50979.5,50979.5,1.672583211666858,1.672583211666858,1.495699251659981,1.295040163202856,1.0,42.0,1.0,sha256:5bbcc4c42e13510073d8fa7e3d474346b5dfefe0cec806456bc9309c300a4317,sha256:5bbcc4c42e13510073d8fa7e3d474346b5dfefe0cec806456bc9309c300a4317,sha256:e97e123eb75dbb325b23b9e73bfc634abfdf5119f2dd9e1cc251c3fb2f811991,sha256:e97e123eb75dbb325b23b9e73bfc634abfdf5119f2dd9e1cc251c3fb2f811991,6580,True,True
case_021_high_compression,high_compression,56207,237,low,pass,,40812.5,74416.5,1.823375191424196,2.0,2.0,1.0,42.0,42.0,1.0,42.0,42.0,1.0,0.0,0.0,1.0,1.0,34,34,34,0,17,34,119,0,17,17,0,0,0,34,0,17,17,1.0,0.0,0.058823529411764705,True,True,sha256:061650912c3b8c8c28908b9b3bfe8c574ed247fa4b28f22b79418cf6e4faada2,sha256:be96f9fefc5cba3eababa124d376f9bd93333c0b595faef4ca0513818db4fe17,109458.5,2.9666364018267317,786.4285714285714,94729.0,2.6206963329782966,74416.5,74416.5,1.823375191424196,1.823375191424196,1.4708901923632527,1.2729569383134116,1.0,42.0,1.0,sha256:061650912c3b8c8c28908b9b3bfe8c574ed247fa4b28f22b79418cf6e4faada2,sha256:061650912c3b8c8c28908b9b3bfe8c574ed247fa4b28f22b79418cf6e4faada2,sha256:be96f9fefc5cba3eababa124d376f9bd93333c0b595faef4ca0513818db4fe17,sha256:be96f9fefc5cba3eababa124d376f9bd93333c0b595faef4ca0513818db4fe17,11221,True,True
case_022_low_compression,low_compression,58517,241,high,pass,,50479.0,98625.0,1.9537827611482002,2.0,2.0,1.0,42.0,42.0,1.0,42.0,42.0,1.0,0.0,0.0,1.0,1.0,48,48,48,0,24,48,168,0,24,24,0,0,0,48,0,24,24,1.0,0.0,0.041666666666666664,True,True,sha256:0c538ccc2d10d66b81205361130f990cd0846bbbd7c2fe823ddda6913d7d8833,sha256:a95e91eed8f629000d718d7cb69ab321638fb9dea69755869c2ad7841750a11b,141500.5,3.1415583406414083,1111.2619047619048,130937.5,2.553831600709953,98625.0,98625.0,1.9537827611482002,1.9537827611482002,1.4347325728770595,1.3276299112801013,1.0,42.0,1.0,sha256:0c538ccc2d10d66b81205361130f990cd0846bbbd7c2fe823ddda6913d7d8833,sha256:0c538ccc2d10d66b81205361130f990cd0846bbbd7c2fe823ddda6913d7d8833,sha256:a95e91eed8f629000d718d7cb69ab321638fb9dea69755869c2ad7841750a11b,sha256:a95e91eed8f629000d718d7cb69ab321638fb9dea69755869c2ad7841750a11b,15862,True,True
case_023_early_termination,early_termination,60827,246,medium,pass,,58562.0,116958.5,1.9971739353164168,2.0,2.0,1.0,42.0,42.0,1.0,42.0,42.0,1.0,0.0,0.0,1.0,1.0,62,62,62,1,30,62,217,0,31,31,0,0,0,62,0,31,31,1.0,0.0,0.03225806451612903,True,True,sha256:0649ea8c68c3d1309ea653b8210e054096e9474f9c026a5e6c699013c2768ef5,sha256:082762b49744330c48904cfaa3728f9b360932dd2cc8172f272752b27bf370b6,167875.0,3.122065072855934,1436.142857142857,153416.0,2.727371312255002,116958.5,116958.5,1.9971739353164168,1.9971739353164168,1.4353381755066967,1.3117131290158475,1.0,42.0,1.0,sha256:0649ea8c68c3d1309ea653b8210e054096e9474f9c026a5e6c699013c2768ef5,sha256:0649ea8c68c3d1309ea653b8210e054096e9474f9c026a5e6c699013c2768ef5,sha256:082762b49744330c48904cfaa3728f9b360932dd2cc8172f272752b27bf370b6,sha256:082762b49744330c48904cfaa3728f9b360932dd2cc8172f272752b27bf370b6,20503,True,True
case_024_long_search,long_search,63137,251,low,pass,,70271.0,139437.5,1.9842822786071068,2.0,2.0,1.0,42.0,42.0,1.0,42.0,42.0,1.0,0.0,0.0,1.0,1.0,76,76,76,1,37,76,266,0,38,38,0,0,0,76,0,38,38,1.0,0.0,0.02631578947368421,True,True,sha256:4030cb599d9a78c70e2ca768a7a1cb7b6b474a0575af823e278151953731b31d,sha256:45a844d925b83850a6565729a081875bec42e97b2fceeb8759719e423ad56cab,200750.0,3.252091787557003,1760.9761904761904,181833.5,2.791169066404691,139437.5,139437.5,1.9842822786071068,1.9842822786071068,1.4397131331241595,1.304050201703272,1.0,42.0,1.0,sha256:4030cb599d9a78c70e2ca768a7a1cb7b6b474a0575af823e278151953731b31d,sha256:4030cb599d9a78c70e2ca768a7a1cb7b6b474a0575af823e278151953731b31d,sha256:45a844d925b83850a6565729a081875bec42e97b2fceeb8759719e423ad56cab,sha256:45a844d925b83850a6565729a081875bec42e97b2fceeb8759719e423ad56cab,25144,True,True
case_025_prime,prime,65447,255,high,pass,,77542.0,157500.0,2.031157308297439,2.0,2.0,1.0,42.0,42.0,1.0,42.0,42.0,1.0,0.0,0.0,1.0,1.0,90,90,90,0,45,90,315,0,45,45,0,0,0,90,0,45,45,1.0,0.0,0.022222222222222223,True,True,sha256:7934a35c1d5173eedbc704b3f6aadad086358d2d1a80fab274afdca5fd3d47ec,sha256:1a00814738e2189ce6ad651b27bacdec53f91c2abdfcc327778df391d797da57,231187.5,3.30461413113395,2085.7619047619046,211875.0,2.867205261448522,157500.0,157500.0,2.031157308297439,2.031157308297439,1.4678571428571427,1.3452380952380953,1.0,42.0,1.0,sha256:7934a35c1d5173eedbc704b3f6aadad086358d2d1a80fab274afdca5fd3d47ec,sha256:7934a35c1d5173eedbc704b3f6aadad086358d2d1a80fab274afdca5fd3d47ec,sha256:1a00814738e2189ce6ad651b27bacdec53f91c2abdfcc327778df391d797da57,sha256:1a00814738e2189ce6ad651b27bacdec53f91c2abdfcc327778df391d797da57,29785,True,True
case_026_semiprime,semiprime,16128,126,medium,pass,,28375.0,47458.5,1.672546255506608,2.0,2.0,1.0,42.0,42.0,1.0,42.0,42.0,1.0,0.0,0.0,1.0,1.0,18,18,18,7,2,18,63,0,9,9,0,0,0,18,0,9,9,1.0,0.0,0.1111111111111111,True,True,sha256:df0eacc7e4b9eea93fb84ac1fd756d0490a66881a3cfe38640073898e22d64c2,sha256:8684a11f2b12535b9be177cfb96b2c0122f9d6664d5ae85c7357f5cb3080fcb1,71458.5,2.628358620689655,415.6666666666667,59312.5,2.1984691797323843,47458.5,47458.5,1.672546255506608,1.672546255506608,1.505704984354752,1.249776120189218,1.0,42.0,1.0,sha256:df0eacc7e4b9eea93fb84ac1fd756d0490a66881a3cfe38640073898e22d64c2,sha256:df0eacc7e4b9eea93fb84ac1fd756d0490a66881a3cfe38640073898e22d64c2,sha256:8684a11f2b12535b9be177cfb96b2c0122f9d6664d5ae85c7357f5cb3080fcb1,sha256:8684a11f2b12535b9be177cfb96b2c0122f9d6664d5ae85c7357f5cb3080fcb1,5919,True,True
case_027_composite,composite,2500,50,low,pass,,39812.5,72937.5,1.8320251177394034,2.0,2.0,1.0,42.0,42.0,1.0,42.0,42.0,1.0,0.0,0.0,1.0,1.0,32,32,32,4,12,32,112,0,16,16,0,0,0,32,0,16,16,1.0,0.0,0.0625,True,True,sha256:a4fadb5881bd87682bc6169ac31ad4418cf75bebcb3da6fa60bb9dc1c5b8d029,sha256:0f98145ec72dc6e787cf1a8bfc11b917c8306f5b8f44d2a367fa09bc0bd8fcd6,102688.0,2.8475008665511266,740.2142857142857,90916.5,2.4979805473128915,72937.5,72937.5,1.8320251177394034,1.8320251177394034,1.4078903170522707,1.2464987146529563,1.0,42.0,1.0,sha256:a4fadb5881bd87682bc6169ac31ad4418cf75bebcb3da6fa60bb9dc1c5b8d029,sha256:a4fadb5881bd87682bc6169ac31ad4418cf75bebcb3da6fa60bb9dc1c5b8d029,sha256:0f98145ec72dc6e787cf1a8bfc11b917c8306f5b8f44d2a367fa09bc0bd8fcd6,sha256:0f98145ec72dc6e787cf1a8bfc11b917c8306f5b8f44d2a367fa09bc0bd8fcd6,10558,True,True
case_028_highly_composite,highly_composite,20180160,4492,high,pass,,49353.5,95937.5,1.9438844256233094,2.0,2.0,1.0,42.0,42.0,1.0,42.0,42.0,1.0,0.0,0.0,1.0,1.0,46,46,46,20,3,46,161,0,23,23,0,0,0,46,0,23,23,1.0,0.0,0.043478260869565216,True,True,sha256:d5d733a8d7f2d000f3c8b41a281c59c1c1fd8b60f4b4e37d1eb2658ac1d03a79,sha256:78462c86815cbd7b58d30eea392c676edb3ff797ac5ae379ce2eb9023b55df4d,136458.5,3.0087423380517704,1065.8095238095239,122000.5,2.51872,95937.5,95937.5,1.9438844256233094,1.9438844256233094,1.4223687296416938,1.2716664495114007,1.0,42.0,1.0,sha256:d5d733a8d7f2d000f3c8b41a281c59c1c1fd8b60f4b4e37d1eb2658ac1d03a79,sha256:d5d733a8d7f2d000f3c8b41a281c59c1c1fd8b60f4b4e37d1eb2658ac1d03a79,sha256:78462c86815cbd7b58d30eea392c676edb3ff797ac5ae379ce2eb9023b55df4d,sha256:78462c86815cbd7b58d30eea392c676edb3ff797ac5ae379ce2eb9023b55df4d,15199,True,True
case_029_repeated_factor,repeated_factor,2704,52,medium,pass,,58625.0,116625.0,1.9893390191897655,2.0,2.0,1.0,42.0,42.0,1.0,42.0,42.0,1.0,0.0,0.0,1.0,1.0,60,60,60,6,24,60,210,0,30,30,0,0,0,60,0,30,30,1.0,0.0,0.03333333333333333,True,True,sha256:e8914978268e196dfe6825f2d3c688a36797b42ff66969c928207fdaf6e83365,sha256:9da9e714f495c90b7d7dafc24e7d7321851c4cd5e3f90f7c22decdade3d47d34,169521.0,3.2522014388489207,1389.9761904761904,150083.5,2.716418855937955,116625.0,116625.0,1.9893390191897655,1.9893390191897655,1.453556270096463,1.2868896034297963,1.0,42.0,1.0,sha256:e8914978268e196dfe6825f2d3c688a36797b42ff66969c928207fdaf6e83365,sha256:e8914978268e196dfe6825f2d3c688a36797b42ff66969c928207fdaf6e83365,sha256:9da9e714f495c90b7d7dafc24e7d7321851c4cd5e3f90f7c22decdade3d47d34,sha256:9da9e714f495c90b7d7dafc24e7d7321851c4cd5e3f90f7c22decdade3d47d34,19840,True,True
case_030_small_search_space,small_search_space,76997,277,low,pass,,66875.0,134146.0,2.0059214953271027,2.0,2.0,1.0,42.0,42.0,1.0,42.0,42.0,1.0,0.0,0.0,1.0,1.0,74,74,74,1,36,74,259,0,37,37,0,0,0,74,0,37,37,1.0,0.0,0.02702702702702703,True,True,sha256:c12c071a8da6bc29e15f94bd792ab16b1d10afb1e4b949128ea13c2ef50b5d5e,sha256:62f9757f9212b4910166e33337ca881edb827d46aed45461873ddf695a0b4da1,201250.0,3.3321743161798794,1714.5714285714287,174083.5,2.750503622129354,134146.0,134146.0,2.0059214953271027,2.0059214953271027,1.5002310914973238,1.297716666915152,1.0,42.0,1.0,sha256:c12c071a8da6bc29e15f94bd792ab16b1d10afb1e4b949128ea13c2ef50b5d5e,sha256:c12c071a8da6bc29e15f94bd792ab16b1d10afb1e4b949128ea13c2ef50b5d5e,sha256:62f9757f9212b4910166e33337ca881edb827d46aed45461873ddf695a0b4da1,sha256:62f9757f9212b4910166e33337ca881edb827d46aed45461873ddf695a0b4da1,24481,True,True
case_031_medium_search_space,medium_search_space,79307,281,high,pass,,75604.0,156312.5,2.0675162689804774,2.0,2.0,1.0,42.0,42.0,1.0,42.0,42.0,1.0,0.0,0.0,1.0,1.0,88,88,88,0,44,88,308,0,44,44,0,0,0,88,0,44,44,1.0,0.0,0.022727272727272728,True,True,sha256:b9a77fbb561c74128ef0bdb15ad23a50643a7d49ace0d6398724855a554e63b9,sha256:b2d6dd3475be032f10b88ff86cb98608232144a60a8b2c5b7e24b4979c10321d,221833.5,3.2169363960671715,2039.357142857143,198750.0,2.5916870415647923,156312.5,156312.5,2.0675162689804774,2.0675162689804774,1.4191667333066773,1.2714914034386247,1.0,42.0,1.0,sha256:b9a77fbb561c74128ef0bdb15ad23a50643a7d49ace0d6398724855a554e63b9,sha256:b9a77fbb561c74128ef0bdb15ad23a50643a7d49ace0d6398724855a554e63b9,sha256:b2d6dd3475be032f10b88ff86cb98608232144a60a8b2c5b7e24b4979c10321d,sha256:b2d6dd3475be032f10b88ff86cb98608232144a60a8b2c5b7e24b4979c10321d,29122,True,True
case_032_large_search_space,large_search_space,81617,285,medium,pass,,25625.5,42500.0,1.6585042243078183,2.0,2.0,1.0,42.0,42.0,1.0,42.0,42.0,1.0,0.0,0.0,1.0,1.0,16,16,16,0,8,16,56,0,8,8,0,0,0,16,0,8,8,1.0,0.0,0.125,True,True,sha256:8306046e1059723a12fa9d911b65f4004c98465aef711e565ac3342422012d99,sha256:f1eae98feeccce3b03f008d5af7dc8631f3074d8bee933ed346a44b8c524ebc8,67249.5,2.565942346948509,369.07142857142856,55542.0,2.246026931942254,42500.0,42500.0,1.6585042243078183,1.6585042243078183,1.5823411764705881,1.3068705882352942,1.0,42.0,1.0,sha256:8306046e1059723a12fa9d911b65f4004c98465aef711e565ac3342422012d99,sha256:8306046e1059723a12fa9d911b65f4004c98465aef711e565ac3342422012d99,sha256:f1eae98feeccce3b03f008d5af7dc8631f3074d8bee933ed346a44b8c524ebc8,sha256:f1eae98feeccce3b03f008d5af7dc8631f3074d8bee933ed346a44b8c524ebc8,5258,True,True
case_033_high_compression,high_compression,83927,289,low,pass,,37666.0,66625.5,1.768849891148516,2.0,2.0,1.0,42.0,42.0,1.0,42.0,42.0,1.0,0.0,0.0,1.0,1.0,30,30,30,0,15,30,105,0,15,15,0,0,0,30,0,15,15,1.0,0.0,0.06666666666666667,True,True,sha256:d5fba1ef11f90ebf2a4e31e0384bee54b8a14435e4feb1055d4dc09b616e6607,sha256:007e426cdc1a81be86e682b54669b12c32205791c9f77cc2f96b8027ce026da0,100208.5,2.8784793037083847,693.6190476190476,85416.5,2.478858320273957,66625.5,66625.5,1.768849891148516,1.768849891148516,1.5040562547373002,1.282039159180794,1.0,42.0,1.0,sha256:d5fba1ef11f90ebf2a4e31e0384bee54b8a14435e4feb1055d4dc09b616e6607,sha256:d5fba1ef11f90ebf2a4e31e0384bee54b8a14435e4feb1055d4dc09b616e6607,sha256:007e426cdc1a81be86e682b54669b12c32205791c9f77cc2f96b8027ce026da0,sha256:007e426cdc1a81be86e682b54669b12c32205791c9f77cc2f96b8027ce026da0,9895,True,True
case_034_low_compression,low_compression,86237,293,high,pass,,46479.5,88208.5,1.8977936509644036,2.0,2.0,1.0,42.0,42.0,1.0,42.0,42.0,1.0,0.0,0.0,1.0,1.0,44,44,44,0,22,44,154,0,22,22,0,0,0,44,0,22,22,1.0,0.0,0.045454545454545456,True,True,sha256:a42c4f85c24defe5ec797387946c0de1b35cc125d133d5ac9cffcdf7599c2d74,sha256:d4d7c9c1f1cf5b4ebd4e3e79c24c1ff965ced6109977d18eae2fa69113af84ba,133479.0,2.9897526066456868,1018.452380952381,113604.5,2.5362959490081822,88208.5,88208.5,1.8977936509644036,1.8977936509644036,1.513221514933368,1.2879087616272809,1.0,42.0,1.0,sha256:a42c4f85c24defe5ec797387946c0de1b35cc125d133d5ac9cffcdf7599c2d74,sha256:a42c4f85c24defe5ec797387946c0de1b35cc125d133d5ac9cffcdf7599c2d74,sha256:d4d7c9c1f1cf5b4ebd4e3e79c24c1ff965ced6109977d18eae2fa69113af84ba,sha256:d4d7c9c1f1cf5b4ebd4e3e79c24c1ff965ced6109977d18eae2fa69113af84ba,14536,True,True
case_035_early_termination,early_termination,88547,297,medium,pass,,57479.0,112979.5,1.9655787331025243,2.0,2.0,1.0,42.0,42.0,1.0,42.0,42.0,1.0,0.0,0.0,1.0,1.0,58,58,58,0,29,58,203,0,29,29,0,0,0,58,0,29,29,1.0,0.0,0.034482758620689655,True,True,sha256:43c6fcc4cb2d1c3f5f1abc344704359897e83f7842b9b62c8fadc881e36f2000,sha256:c30878726f7098a3c1813edf962b9626f3c730260fb1a1f0cc1c1fbbd12564eb,161646.0,3.1955954452000634,1343.2857142857142,147208.5,2.754753171900146,112979.5,112979.5,1.9655787331025243,1.9655787331025243,1.4307551369938794,1.302966467367974,1.0,42.0,1.0,sha256:43c6fcc4cb2d1c3f5f1abc344704359897e83f7842b9b62c8fadc881e36f2000,sha256:43c6fcc4cb2d1c3f5f1abc344704359897e83f7842b9b62c8fadc881e36f2000,sha256:c30878726f7098a3c1813edf962b9626f3c730260fb1a1f0cc1c1fbbd12564eb,sha256:c30878726f7098a3c1813edf962b9626f3c730260fb1a1f0cc1c1fbbd12564eb,19177,True,True
case_036_long_search,long_search,90857,301,low,pass,,66104.0,134208.5,2.0302629190366694,2.0,2.0,1.0,42.0,42.0,1.0,42.0,42.0,1.0,0.0,0.0,1.0,1.0,72,72,72,2,34,72,252,0,36,36,0,0,0,72,0,36,36,1.0,0.0,0.027777777777777776,True,True,sha256:e731805966f361e51b9a46d8c0bf236d23f6cc7130cc15f1eafbdf1bd0ee9bac,sha256:79d47d6c1c126b867a76bfe0c53c9224fe40489f22c3ed4886dd83cc01ba9277,194562.5,3.3046709129511678,1668.2142857142858,171917.0,2.6783563777994157,134208.5,134208.5,2.0302629190366694,2.0302629190366694,1.4497032602256936,1.280969536206723,1.0,42.0,1.0,sha256:e731805966f361e51b9a46d8c0bf236d23f6cc7130cc15f1eafbdf1bd0ee9bac,sha256:e731805966f361e51b9a46d8c0bf236d23f6cc7130cc15f1eafbdf1bd0ee9bac,sha256:79d47d6c1c126b867a76bfe0c53c9224fe40489f22c3ed4886dd83cc01ba9277,sha256:79d47d6c1c126b867a76bfe0c53c9224fe40489f22c3ed4886dd83cc01ba9277,23818,True,True
case_037_prime,prime,93167,305,high,pass,,73792.0,153041.5,2.073957881613183,2.0,2.0,1.0,42.0,42.0,1.0,42.0,42.0,1.0,0.0,0.0,1.0,1.0,86,86,86,0,43,86,301,0,43,43,0,0,0,86,0,43,43,1.0,0.0,0.023255813953488372,True,True,sha256:ad15c62f9fcc8c12dea56b5ac91982b1c095a7a01ade8bfa86f23795b2ae1284,sha256:de110fe428505dd9d35f3030aee0212c7affceb5e18162bfe2ea5bf4fb189269,221479.0,3.251067889908257,1992.952380952381,197479.0,2.784649660871159,153041.5,153041.5,2.073957881613183,2.073957881613183,1.4471826269345243,1.2903624180369377,1.0,42.0,1.0,sha256:ad15c62f9fcc8c12dea56b5ac91982b1c095a7a01ade8bfa86f23795b2ae1284,sha256:ad15c62f9fcc8c12dea56b5ac91982b1c095a7a01ade8bfa86f23795b2ae1284,sha256:de110fe428505dd9d35f3030aee0212c7affceb5e18162bfe2ea5bf4fb189269,sha256:de110fe428505dd9d35f3030aee0212c7affceb5e18162bfe2ea5bf4fb189269,28459,True,True
case_038_semiprime,semiprime,19320,138,medium,pass,,23167.0,38125.0,1.645659774679501,2.0,2.0,1.0,42.0,42.0,1.0,42.0,42.0,1.0,0.0,0.0,0.0,0.0,14,14,14,7,0,14,49,0,7,7,0,0,0,14,0,7,7,1.0,0.0,0.14285714285714285,True,True,sha256:da122cac456b5e9e8483948bd8016de461a912b51d156a27256e69249e2a778a,sha256:045013039f77c90bdf2ad1250a3b1ff09ad8e2cfcf97c5daf61c28fc13bc9ac1,58854.0,2.5066121510253625,323.3809523809524,50104.0,2.0858849732520137,38125.0,38125.0,1.645659774679501,1.645659774679501,1.543711475409836,1.3142032786885245,1.0,42.0,1.0,sha256:da122cac456b5e9e8483948bd8016de461a912b51d156a27256e69249e2a778a,sha256:da122cac456b5e9e8483948bd8016de461a912b51d156a27256e69249e2a778a,sha256:045013039f77c90bdf2ad1250a3b1ff09ad8e2cfcf97c5daf61c28fc13bc9ac1,sha256:045013039f77c90bdf2ad1250a3b1ff09ad8e2cfcf97c5daf61c28fc13bc9ac1,4601,True,True
case_039_composite,composite,3844,62,low,pass,,34312.5,65354.5,1.9046848816029145,2.0,2.0,1.0,42.0,42.0,1.0,42.0,42.0,1.0,0.0,0.0,1.0,1.0,28,28,28,2,12,28,98,0,14,14,0,0,0,28,0,14,14,1.0,0.0,0.07142857142857142,True,True,sha256:17de6b5e966b86a9666bbb2191a780a8e72204b58e43062db86c0f348d792aaa,sha256:56f6847be6e5b5fb28081c51127e152e59c639bebbe7e30bf1e8ce07a549ae14,98062.0,2.8984127922442586,647.3095238095239,82416.5,2.463245513098316,65354.5,65354.5,1.9046848816029145,1.9046848816029145,1.5004628602468078,1.2610684803647798,1.0,42.0,1.0,sha256:17de6b5e966b86a9666bbb2191a780a8e72204b58e43062db86c0f348d792aaa,sha256:17de6b5e966b86a9666bbb2191a780a8e72204b58e43062db86c0f348d792aaa,sha256:56f6847be6e5b5fb28081c51127e152e59c639bebbe7e30bf1e8ce07a549ae14,sha256:56f6847be6e5b5fb28081c51127e152e59c639bebbe7e30bf1e8ce07a549ae14,9232,True,True
case_040_highly_composite,highly_composite,28828800,5369,high,pass,,45562.5,85646.0,1.879747599451303,2.0,2.0,1.0,42.0,42.0,1.0,42.0,42.0,1.0,0.0,0.0,1.0,1.0,42,42,42,19,2,42,147,0,21,21,0,0,0,42,0,21,21,1.0,0.0,0.047619047619047616,True,True,sha256:b2182686d78f3a177e22c76978ec9fb6a1114c4987d8d2a288466c454ebef886,sha256:fa4dcaed825b77f404c848796e7f8686004d5a00b7fa300af6013b68e4ca2578,130749.5,3.236694227151203,972.952380952381,111646.0,2.668818052517719,85646.0,85646.0,1.879747599451303,1.879747599451303,1.5266270462134834,1.3035751815613106,1.0,42.0,1.0,sha256:b2182686d78f3a177e22c76978ec9fb6a1114c4987d8d2a288466c454ebef886,sha256:b2182686d78f3a177e22c76978ec9fb6a1114c4987d8d2a288466c454ebef886,sha256:fa4dcaed825b77f404c848796e7f8686004d5a00b7fa300af6013b68e4ca2578,sha256:fa4dcaed825b77f404c848796e7f8686004d5a00b7fa300af6013b68e4ca2578,13873,True,True
case_041_repeated_factor,repeated_factor,4096,64,medium,pass,,55708.5,109499.5,1.9655797589236832,2.0,2.0,1.0,42.0,42.0,1.0,42.0,42.0,1.0,0.0,0.0,1.0,1.0,56,56,56,4,24,56,196,0,28,28,0,0,0,56,0,28,28,1.0,0.0,0.03571428571428571,True,True,sha256:c55d1296e2f7f59c7a06633db57e32a01f9c62d29767a117bef15457cb68e01d,sha256:726ff7213fb472e0af789668b079862d5b2c70b5d490f56095e239488115caba,158291.5,3.1592587418170206,1297.0714285714287,144625.0,2.7298552256554482,109499.5,109499.5,1.9655797589236832,1.9655797589236832,1.4455910757583368,1.3207822866771082,1.0,42.0,1.0,sha256:c55d1296e2f7f59c7a06633db57e32a01f9c62d29767a117bef15457cb68e01d,sha256:c55d1296e2f7f59c7a06633db57e32a01f9c62d29767a117bef15457cb68e01d,sha256:726ff7213fb472e0af789668b079862d5b2c70b5d490f56095e239488115caba,sha256:726ff7213fb472e0af789668b079862d5b2c70b5d490f56095e239488115caba,18514,True,True
case_042_small_search_space,small_search_space,104717,323,low,pass,,67250.0,130562.5,1.941449814126394,2.0,2.0,1.0,42.0,42.0,1.0,42.0,42.0,1.0,0.0,0.0,1.0,1.0,70,70,70,0,35,70,245,0,35,35,0,0,0,70,0,35,35,1.0,0.0,0.02857142857142857,True,True,sha256:8b15612327fa2c526c615a92a68d27bff696f6bd0ba9f353586bb2a0aab8e93e,sha256:9364d1e5a4e9f49f2c8e967aec246435ffab53b89190cdea0eebdec27640b4e4,186208.5,3.118626326234958,1621.7142857142858,167458.0,2.7201078569920245,130562.5,130562.5,1.941449814126394,1.941449814126394,1.4262020105313546,1.2825887984681665,1.0,42.0,1.0,sha256:8b15612327fa2c526c615a92a68d27bff696f6bd0ba9f353586bb2a0aab8e93e,sha256:8b15612327fa2c526c615a92a68d27bff696f6bd0ba9f353586bb2a0aab8e93e,sha256:9364d1e5a4e9f49f2c8e967aec246435ffab53b89190cdea0eebdec27640b4e4,sha256:9364d1e5a4e9f49f2c8e967aec246435ffab53b89190cdea0eebdec27640b4e4,23155,True,True
case_043_medium_search_space,medium_search_space,107027,327,high,pass,,75666.5,153021.0,2.02230841918154,2.0,2.0,1.0,42.0,42.0,1.0,42.0,42.0,1.0,0.0,0.0,1.0,1.0,84,84,84,2,40,84,294,0,42,42,0,0,0,84,0,42,42,1.0,0.0,0.023809523809523808,True,True,sha256:84d337c97013cb5e1f45e21bc28ac387e4aacf41040c6202ceca783ed718e524,sha256:14261d02e75405931d3bff24bd8214401be361797302ffa5f522e8a01b49d90a,216833.0,3.285348484848485,1946.642857142857,192812.5,2.7528322494521107,153021.0,153021.0,2.02230841918154,2.02230841918154,1.4170146581188203,1.2600394717064978,1.0,42.0,1.0,sha256:84d337c97013cb5e1f45e21bc28ac387e4aacf41040c6202ceca783ed718e524,sha256:84d337c97013cb5e1f45e21bc28ac387e4aacf41040c6202ceca783ed718e524,sha256:14261d02e75405931d3bff24bd8214401be361797302ffa5f522e8a01b49d90a,sha256:14261d02e75405931d3bff24bd8214401be361797302ffa5f522e8a01b49d90a,27796,True,True
case_044_large_search_space,large_search_space,109337,330,medium,pass,,30708.5,45020.5,1.4660598856993992,2.0,2.0,1.0,42.0,42.0,1.0,42.0,42.0,1.0,0.0,0.0,1.0,1.0,12,12,12,0,6,12,42,0,6,6,0,0,0,12,0,6,6,1.0,0.0,0.16666666666666666,True,True,sha256:3c68d98fdb35b9d3889e2b006bc837a903691a5bb7b85a3df7fbcb1de7e06c00,sha256:fe38347bfc3465443f2a4a20f7328ccc95756517a290322a0ddf57cb09d4d92d,55916.5,2.255470625012605,277.0238095238095,48916.5,2.0926844919786096,45020.5,45020.5,1.4660598856993992,1.4660598856993992,1.2420230783754067,1.086538354749503,1.0,42.0,1.0,sha256:3c68d98fdb35b9d3889e2b006bc837a903691a5bb7b85a3df7fbcb1de7e06c00,sha256:3c68d98fdb35b9d3889e2b006bc837a903691a5bb7b85a3df7fbcb1de7e06c00,sha256:fe38347bfc3465443f2a4a20f7328ccc95756517a290322a0ddf57cb09d4d92d,sha256:fe38347bfc3465443f2a4a20f7328ccc95756517a290322a0ddf57cb09d4d92d,3944,True,True
case_045_high_compression,high_compression,111647,334,low,pass,,35375.0,63875.0,1.8056537102473498,2.0,2.0,1.0,42.0,42.0,1.0,42.0,42.0,1.0,0.0,0.0,1.0,1.0,26,26,26,0,13,26,91,0,13,13,0,0,0,26,0,13,13,1.0,0.0,0.07692307692307693,True,True,sha256:4ccad885559337e9f9c66d074735bba4c1fd8f5bc9e23480314c0a3bbfe94a69,sha256:1e9777b367f0ffea956e608a8f5ceb30eab939868a9922d0317a32c487925c81,91417.0,2.7789278494672685,600.8095238095239,79312.0,2.2892108757143683,63875.0,63875.0,1.8056537102473498,1.8056537102473498,1.4311859099804305,1.2416751467710372,1.0,42.0,1.0,sha256:4ccad885559337e9f9c66d074735bba4c1fd8f5bc9e23480314c0a3bbfe94a69,sha256:4ccad885559337e9f9c66d074735bba4c1fd8f5bc9e23480314c0a3bbfe94a69,sha256:1e9777b367f0ffea956e608a8f5ceb30eab939868a9922d0317a32c487925c81,sha256:1e9777b367f0ffea956e608a8f5ceb30eab939868a9922d0317a32c487925c81,8569,True,True
case_046_low_compression,low_compression,113957,337,high,pass,,43229.0,84291.5,1.9498831802725023,2.0,2.0,1.0,42.0,42.0,1.0,42.0,42.0,1.0,0.0,0.0,1.0,1.0,40,40,40,0,20,40,140,0,20,20,0,0,0,40,0,20,20,1.0,0.0,0.05,True,True,sha256:78a7f22a0fb786460906f09af88506233d27f82e53b674b7091addcef08f8690,sha256:aae788e4f71bad416df9647e44f5ff1d17f58b48d25141e1545f883819f41f06,126833.5,3.1285242100589525,925.6428571428571,105729.0,2.4635692149963884,84291.5,84291.5,1.9498831802725023,1.9498831802725023,1.5047009484942135,1.2543257623841075,1.0,42.0,1.0,sha256:78a7f22a0fb786460906f09af88506233d27f82e53b674b7091addcef08f8690,sha256:78a7f22a0fb786460906f09af88506233d27f82e53b674b7091addcef08f8690,sha256:aae788e4f71bad416df9647e44f5ff1d17f58b48d25141e1545f883819f41f06,sha256:aae788e4f71bad416df9647e44f5ff1d17f58b48d25141e1545f883819f41f06,13210,True,True
case_047_early_termination,early_termination,116267,340,medium,pass,,54458.0,105708.5,1.9411013992434536,2.0,2.0,1.0,42.0,42.0,1.0,42.0,42.0,1.0,0.0,0.0,1.0,1.0,54,54,54,0,27,54,189,0,27,27,0,0,0,54,0,27,27,1.0,0.0,0.037037037037037035,True,True,sha256:1b8fa65dda94c1c5439975a7ee3b7a7141a54bf4fe767ed9af5a8d7daff60988,sha256:79fe9a6388199da47b602f810d37317ff48cffe4d64e1c4eb2e601915e970948,153395.5,3.06791,1250.4761904761904,133833.5,2.7105244503853125,105708.5,105708.5,1.9411013992434536,1.9411013992434536,1.451117932805782,1.2660618587909203,1.0,42.0,1.0,sha256:1b8fa65dda94c1c5439975a7ee3b7a7141a54bf4fe767ed9af5a8d7daff60988,sha256:1b8fa65dda94c1c5439975a7ee3b7a7141a54bf4fe767ed9af5a8d7daff60988,sha256:79fe9a6388199da47b602f810d37317ff48cffe4d64e1c4eb2e601915e970948,sha256:79fe9a6388199da47b602f810d37317ff48cffe4d64e1c4eb2e601915e970948,17851,True,True
case_048_long_search,long_search,118577,344,low,pass,,63791.5,127875.0,2.0045774123511753,2.0,2.0,1.0,42.0,42.0,1.0,42.0,42.0,1.0,0.0,0.0,1.0,1.0,68,68,68,0,34,68,238,0,34,34,0,0,0,68,0,34,34,1.0,0.0,0.029411764705882353,True,True,sha256:de01f8eb194f5c5c44d16bca1bb2f9d76a08d30adb83f07a9ebc17eec8ecbe0a,sha256:1686a94fba326fa96dea5c60836e4984db3be09f9aba658f5c509f951f3fb066,183354.0,3.2632525027808676,1575.3095238095239,163667.0,2.582516765285996,127875.0,127875.0,2.0045774123511753,2.0045774123511753,1.4338533724340177,1.2798983382209188,1.0,42.0,1.0,sha256:de01f8eb194f5c5c44d16bca1bb2f9d76a08d30adb83f07a9ebc17eec8ecbe0a,sha256:de01f8eb194f5c5c44d16bca1bb2f9d76a08d30adb83f07a9ebc17eec8ecbe0a,sha256:1686a94fba326fa96dea5c60836e4984db3be09f9aba658f5c509f951f3fb066,sha256:1686a94fba326fa96dea5c60836e4984db3be09f9aba658f5c509f951f3fb066,22492,True,True
case_049_prime,prime,120887,347,high,pass,,75021.0,153437.5,2.045260660348436,2.0,2.0,1.0,42.0,42.0,1.0,42.0,42.0,1.0,0.0,0.0,1.0,1.0,82,82,82,2,39,82,287,0,41,41,0,0,0,82,0,41,41,1.0,0.0,0.024390243902439025,True,True,sha256:a92bd9194c492ea73652807d28e91532cf5d1c8191c97debcad4668ef6347cc1,sha256:6c26a8a53283d517fd15e75c2421571c548a1773f77e52dc941b83b959a2e883,214708.5,3.2676158154258235,1900.2380952380952,191166.5,2.7374808471639485,153437.5,153437.5,2.045260660348436,2.045260660348436,1.3993221995926681,1.245891649694501,1.0,42.0,1.0,sha256:a92bd9194c492ea73652807d28e91532cf5d1c8191c97debcad4668ef6347cc1,sha256:a92bd9194c492ea73652807d28e91532cf5d1c8191c97debcad4668ef6347cc1,sha256:6c26a8a53283d517fd15e75c2421571c548a1773f77e52dc941b83b959a2e883,sha256:6c26a8a53283d517fd15e75c2421571c548a1773f77e52dc941b83b959a2e883,27133,True,True
case_050_semiprime,semiprime,22800,150,medium,pass,,81583.5,171166.5,2.0980529151115115,2.0,2.0,1.0,42.0,42.0,1.0,42.0,42.0,1.0,0.0,0.0,1.0,1.0,96,96,96,18,30,96,336,0,48,48,0,0,0,96,0,48,48,1.0,0.0,0.020833333333333332,True,True,sha256:ad86a60b356e2adfaff72eeecedd166ef0e66e554627519a828af084ebc51a64,sha256:af8d399be1523641649b4b0e012ff00e0e2fdc09107262038544a36720a47cbe,240229.0,3.2408415457568585,2225.8333333333335,216520.5,2.873358591723122,171166.5,171166.5,2.0980529151115115,2.0980529151115115,1.4034814055320404,1.2649700729990974,1.0,42.0,1.0,sha256:ad86a60b356e2adfaff72eeecedd166ef0e66e554627519a828af084ebc51a64,sha256:ad86a60b356e2adfaff72eeecedd166ef0e66e554627519a828af084ebc51a64,sha256:af8d399be1523641649b4b0e012ff00e0e2fdc09107262038544a36720a47cbe,sha256:af8d399be1523641649b4b0e012ff00e0e2fdc09107262038544a36720a47cbe,31774,True,True
case_051_composite,composite,5476,74,low,pass,,34562.5,61625.0,1.783001808318264,2.0,2.0,1.0,42.0,42.0,1.0,42.0,42.0,1.0,0.0,0.0,1.0,1.0,24,24,24,2,10,24,84,0,12,12,0,0,0,24,0,12,12,1.0,0.0,0.08333333333333333,True,True,sha256:d613ca826706c546114d90812538a3a62756d300e5ddbfb15334eb8e7934a663,sha256:a4271b65769baaa049e5194604ebcb11a444a736f9367b014bb0cd3859a9325a,89104.0,2.720732824427481,554.5,76083.5,2.329062968745217,61625.0,61625.0,1.783001808318264,1.783001808318264,1.4459066937119676,1.2346206896551724,1.0,42.0,1.0,sha256:d613ca826706c546114d90812538a3a62756d300e5ddbfb15334eb8e7934a663,sha256:d613ca826706c546114d90812538a3a62756d300e5ddbfb15334eb8e7934a663,sha256:a4271b65769baaa049e5194604ebcb11a444a736f9367b014bb0cd3859a9325a,sha256:a4271b65769baaa049e5194604ebcb11a444a736f9367b014bb0cd3859a9325a,7906,True,True
case_052_highly_composite,highly_composite,37477440,6121,high,pass,,41187.5,78792.0,1.9130075872534142,2.0,2.0,1.0,42.0,42.0,1.0,42.0,42.0,1.0,0.0,0.0,1.0,1.0,38,38,38,17,2,38,133,0,19,19,0,0,0,38,0,19,19,1.0,0.0,0.05263157894736842,True,True,sha256:1332b7f1528045b406b76e29cf840e32cbee979d55be251862462ef1427cfc48,sha256:b5a7fd305d28cd87b38086fae356ba7af119f660f9c587d48299e15ba92bc293,128750.0,3.2750814000814,880.047619047619,102542.0,2.7103492936154465,78792.0,78792.0,1.9130075872534142,1.9130075872534142,1.6340491420448777,1.3014265407655599,1.0,42.0,1.0,sha256:1332b7f1528045b406b76e29cf840e32cbee979d55be251862462ef1427cfc48,sha256:1332b7f1528045b406b76e29cf840e32cbee979d55be251862462ef1427cfc48,sha256:b5a7fd305d28cd87b38086fae356ba7af119f660f9c587d48299e15ba92bc293,sha256:b5a7fd305d28cd87b38086fae356ba7af119f660f9c587d48299e15ba92bc293,12547,True,True
case_053_repeated_factor,repeated_factor,5776,76,medium,pass,,52875.5,103479.0,1.9570311391854451,2.0,2.0,1.0,42.0,42.0,1.0,42.0,42.0,1.0,0.0,0.0,1.0,1.0,52,52,52,5,21,52,182,0,26,26,0,0,0,52,0,26,26,1.0,0.0,0.038461538461538464,True,True,sha256:0b111beab51859cecfb7d26c9a50da33d75ee10264b289089b35bb2f4a5db441,sha256:6bbdd4cbe4bc36bae1feda68a5e634b3f6a4a7ee9211c96339722e54ecdb8cb7,149041.0,3.18661136174125,1204.3095238095239,134312.5,2.7634042465640687,103479.0,103479.0,1.9570311391854451,1.9570311391854451,1.4403018970032566,1.297968669971685,1.0,42.0,1.0,sha256:0b111beab51859cecfb7d26c9a50da33d75ee10264b289089b35bb2f4a5db441,sha256:0b111beab51859cecfb7d26c9a50da33d75ee10264b289089b35bb2f4a5db441,sha256:6bbdd4cbe4bc36bae1feda68a5e634b3f6a4a7ee9211c96339722e54ecdb8cb7,sha256:6bbdd4cbe4bc36bae1feda68a5e634b3f6a4a7ee9211c96339722e54ecdb8cb7,17188,True,True
case_054_small_search_space,small_search_space,132437,363,low,pass,,62812.5,123770.5,1.9704756218905473,2.0,2.0,1.0,42.0,42.0,1.0,42.0,42.0,1.0,0.0,0.0,1.0,1.0,66,66,66,0,33,66,231,0,33,33,0,0,0,66,0,33,33,1.0,0.0,0.030303030303030304,True,True,sha256:e9c16414d244dbef9671a3ffa72cbcdeb9fef0454db6fbb8d38a4326b230f5d0,sha256:bab7c9e9a0ea6ee0db291aab98629039d3e7f15bb8eec1cc4f4062b84b0e178e,179666.5,3.1729183222958057,1528.904761904762,159750.0,2.7934426229508196,123770.5,123770.5,1.9704756218905473,1.9704756218905473,1.4516100363172162,1.2906952787619022,1.0,42.0,1.0,sha256:e9c16414d244dbef9671a3ffa72cbcdeb9fef0454db6fbb8d38a4326b230f5d0,sha256:e9c16414d244dbef9671a3ffa72cbcdeb9fef0454db6fbb8d38a4326b230f5d0,sha256:bab7c9e9a0ea6ee0db291aab98629039d3e7f15bb8eec1cc4f4062b84b0e178e,sha256:bab7c9e9a0ea6ee0db291aab98629039d3e7f15bb8eec1cc4f4062b84b0e178e,21829,True,True
case_055_medium_search_space,medium_search_space,134747,367,high,pass,,70792.0,148291.5,2.094749406712623,2.0,2.0,1.0,42.0,42.0,1.0,42.0,42.0,1.0,0.0,0.0,1.0,1.0,80,80,80,0,40,80,280,0,40,40,0,0,0,80,0,40,40,1.0,0.0,0.025,True,True,sha256:ed7c7412fda27bb3ece9b50b5eb068f2504232d618257b16dabe6cb7c570777c,sha256:0ed0f93434797ccd2c029ed534f4c7ed3b7cf1c81e9d4b63dc507f353b3f7cab,208021.0,3.2545488680632695,1853.7380952380952,189021.0,2.8468733056208206,148291.5,148291.5,2.094749406712623,2.094749406712623,1.4027843807635636,1.2746583587056575,1.0,42.0,1.0,sha256:ed7c7412fda27bb3ece9b50b5eb068f2504232d618257b16dabe6cb7c570777c,sha256:ed7c7412fda27bb3ece9b50b5eb068f2504232d618257b16dabe6cb7c570777c,sha256:0ed0f93434797ccd2c029ed534f4c7ed3b7cf1c81e9d4b63dc507f353b3f7cab,sha256:0ed0f93434797ccd2c029ed534f4c7ed3b7cf1c81e9d4b63dc507f353b3f7cab,26470,True,True
case_056_large_search_space,large_search_space,137057,370,medium,pass,,79916.5,167916.5,2.101149324607559,2.0,2.0,1.0,42.0,42.0,1.0,42.0,42.0,1.0,0.0,0.0,1.0,1.0,94,94,94,1,46,94,329,0,47,47,0,0,0,94,0,47,47,1.0,0.0,0.02127659574468085,True,True,sha256:06c37f0ed55d57bbf388fea01fb6e1de27e3303842579602ecb6e39249638158,sha256:27c86e2793e129c23337d3fa71678c9a1e0dbb2ce2a7b1790be92dea3f0b30ae,234416.5,3.2567346031481406,2178.6190476190477,212749.5,2.786338722668605,167916.5,167916.5,2.101149324607559,2.101149324607559,1.3960301697569923,1.266995798506996,1.0,42.0,1.0,sha256:06c37f0ed55d57bbf388fea01fb6e1de27e3303842579602ecb6e39249638158,sha256:06c37f0ed55d57bbf388fea01fb6e1de27e3303842579602ecb6e39249638158,sha256:27c86e2793e129c23337d3fa71678c9a1e0dbb2ce2a7b1790be92dea3f0b30ae,sha256:27c86e2793e129c23337d3fa71678c9a1e0dbb2ce2a7b1790be92dea3f0b30ae,31111,True,True
case_057_high_compression,high_compression,139367,373,low,pass,,31000.0,55583.5,1.7930161290322582,2.0,2.0,1.0,42.0,42.0,1.0,42.0,42.0,1.0,0.0,0.0,1.0,1.0,22,22,22,0,11,22,77,0,11,11,0,0,0,22,0,11,11,1.0,0.0,0.09090909090909091,True,True,sha256:39cff6a8552fef41796606ea61a9c7b866466456816518fa6260643de4baefb7,sha256:e07ab19d6009bb36f5a2b5e79d187337e0ccbab2bb9c7923e0a4c4a9fafd305a,83521.0,2.8272430309903016,508.0,70312.5,2.474354688297292,55583.5,55583.5,1.7930161290322582,1.7930161290322582,1.5026221810429354,1.2649887106785287,1.0,42.0,1.0,sha256:39cff6a8552fef41796606ea61a9c7b866466456816518fa6260643de4baefb7,sha256:39cff6a8552fef41796606ea61a9c7b866466456816518fa6260643de4baefb7,sha256:e07ab19d6009bb36f5a2b5e79d187337e0ccbab2bb9c7923e0a4c4a9fafd305a,sha256:e07ab19d6009bb36f5a2b5e79d187337e0ccbab2bb9c7923e0a4c4a9fafd305a,7243,True,True
case_058_low_compression,low_compression,141677,376,high,pass,,42166.5,75333.5,1.786572278941814,2.0,2.0,1.0,42.0,42.0,1.0,42.0,42.0,1.0,0.0,0.0,1.0,1.0,36,36,36,0,18,36,126,0,18,18,0,0,0,36,0,18,18,1.0,0.0,0.05555555555555555,True,True,sha256:053d717179b338ab3700117487efc4a994f69ee20c7361e2e2c2b9576ae597eb,sha256:68891669d164497631c9f3ea56dc85bedf76ee791820d2d880c9d1795dcec5f8,115146.0,3.005442088091354,832.8333333333334,98229.5,2.5694686040884656,75333.5,75333.5,1.786572278941814,1.786572278941814,1.528483344063398,1.3039285311315683,1.0,42.0,1.0,sha256:053d717179b338ab3700117487efc4a994f69ee20c7361e2e2c2b9576ae597eb,sha256:053d717179b338ab3700117487efc4a994f69ee20c7361e2e2c2b9576ae597eb,sha256:68891669d164497631c9f3ea56dc85bedf76ee791820d2d880c9d1795dcec5f8,sha256:68891669d164497631c9f3ea56dc85bedf76ee791820d2d880c9d1795dcec5f8,11884,True,True
case_059_early_termination,early_termination,143987,379,medium,pass,,51750.0,100125.0,1.934782608695652,2.0,2.0,1.0,42.0,42.0,1.0,42.0,42.0,1.0,0.0,0.0,1.0,1.0,50,50,50,0,25,50,175,0,25,25,0,0,0,50,0,25,25,1.0,0.0,0.04,True,True,sha256:9b5d94260f6394a47087622090e20bc2d80bcbb9fc0c0a9c9f5950f39ee4a296,sha256:c0cf6fb43332194f080cfdcaf4abcdaf18219ec653865b37d93750fb5f990ed7,145521.0,3.0582239641892675,1157.6666666666667,130667.0,2.752071946840215,100125.0,100125.0,1.934782608695652,1.934782608695652,1.4533932584269662,1.3050387016229712,1.0,42.0,1.0,sha256:9b5d94260f6394a47087622090e20bc2d80bcbb9fc0c0a9c9f5950f39ee4a296,sha256:9b5d94260f6394a47087622090e20bc2d80bcbb9fc0c0a9c9f5950f39ee4a296,sha256:c0cf6fb43332194f080cfdcaf4abcdaf18219ec653865b37d93750fb5f990ed7,sha256:c0cf6fb43332194f080cfdcaf4abcdaf18219ec653865b37d93750fb5f990ed7,16525,True,True
case_060_long_search,long_search,146297,382,low,pass,,58709.0,120771.0,2.057112197448432,2.0,2.0,1.0,42.0,42.0,1.0,42.0,42.0,1.0,0.0,0.0,1.0,1.0,64,64,64,0,32,64,224,0,32,32,0,0,0,64,0,32,32,1.0,0.0,0.03125,True,True,sha256:b3756649054abea4dd00dc478b5bc73c7d8183fff929b4f8b681ad3171196170,sha256:630fcbe1bc6bbaf7a48659f64196f5614a6522830b873a9612f9d44ef1c26eac,172478.5,3.1053707104533506,1482.5,155291.5,2.6631139388119083,120771.0,120771.0,2.057112197448432,2.057112197448432,1.4281450016974273,1.285834347649684,1.0,42.0,1.0,sha256:b3756649054abea4dd00dc478b5bc73c7d8183fff929b4f8b681ad3171196170,sha256:b3756649054abea4dd00dc478b5bc73c7d8183fff929b4f8b681ad3171196170,sha256:630fcbe1bc6bbaf7a48659f64196f5614a6522830b873a9612f9d44ef1c26eac,sha256:630fcbe1bc6bbaf7a48659f64196f5614a6522830b873a9612f9d44ef1c26eac,21166,True,True
case_061_prime,prime,148607,385,high,pass,,68125.0,142375.0,2.089908256880734,2.0,2.0,1.0,42.0,42.0,1.0,42.0,42.0,1.0,0.0,0.0,1.0,1.0,78,78,78,0,39,78,273,0,39,39,0,0,0,78,0,39,39,1.0,0.0,0.02564102564102564,True,True,sha256:10e5a45472c5c6176e58e24828f3a8a933356f2824a7f730c31daa0a9589639e,sha256:a105cf4966678fc8afee35fec3daefbf1d59529fd277b99e53d00096853834b7,216854.0,3.436454107505071,1807.3333333333333,182312.5,2.817464610249119,142375.0,142375.0,2.089908256880734,2.089908256880734,1.523118525021949,1.2805092186128182,1.0,42.0,1.0,sha256:10e5a45472c5c6176e58e24828f3a8a933356f2824a7f730c31daa0a9589639e,sha256:10e5a45472c5c6176e58e24828f3a8a933356f2824a7f730c31daa0a9589639e,sha256:a105cf4966678fc8afee35fec3daefbf1d59529fd277b99e53d00096853834b7,sha256:a105cf4966678fc8afee35fec3daefbf1d59529fd277b99e53d00096853834b7,25807,True,True
case_062_semiprime,semiprime,26568,162,medium,pass,,80541.5,168229.0,2.088724446403407,2.0,2.0,1.0,42.0,42.0,1.0,42.0,42.0,1.0,0.0,0.0,1.0,1.0,92,92,92,12,34,92,322,0,46,46,0,0,0,92,0,46,46,1.0,0.0,0.021739130434782608,True,True,sha256:6bfaf11e919f401c20d5876fa9a8e92125d26d1cc1a3ad0eda71219bccc4427b,sha256:195a88a2b0aaa1ee704042fef02707a888232ada2d4b2b55c7706288cbd51d02,232146.0,3.265844154017135,2132.7380952380954,213250.0,2.8299758473339174,168229.0,168229.0,2.088724446403407,2.088724446403407,1.3799404383310845,1.2676173549150265,1.0,42.0,1.0,sha256:6bfaf11e919f401c20d5876fa9a8e92125d26d1cc1a3ad0eda71219bccc4427b,sha256:6bfaf11e919f401c20d5876fa9a8e92125d26d1cc1a3ad0eda71219bccc4427b,sha256:195a88a2b0aaa1ee704042fef02707a888232ada2d4b2b55c7706288cbd51d02,sha256:195a88a2b0aaa1ee704042fef02707a888232ada2d4b2b55c7706288cbd51d02,30448,True,True
case_063_composite,composite,7396,86,low,pass,,31000.0,53709.0,1.7325483870967742,2.0,2.0,1.0,42.0,42.0,1.0,42.0,42.0,1.0,0.0,0.0,1.0,1.0,20,20,20,2,8,20,70,0,10,10,0,0,0,20,0,10,10,1.0,0.0,0.1,True,True,sha256:f9a2633287e022f9ce55175d923e845870b7c211ba578f0a881b5f22f5080dfc,sha256:7c5fc7075c0e26e74bcb315433a6e9d5c4e36e5c7e3eaae4dc4dea460c717bc8,79104.0,2.666441946303069,461.6904761904762,66020.5,2.345644141263412,53709.0,53709.0,1.7325483870967742,1.7325483870967742,1.472825783388259,1.2292260142620417,1.0,42.0,1.0,sha256:f9a2633287e022f9ce55175d923e845870b7c211ba578f0a881b5f22f5080dfc,sha256:f9a2633287e022f9ce55175d923e845870b7c211ba578f0a881b5f22f5080dfc,sha256:7c5fc7075c0e26e74bcb315433a6e9d5c4e36e5c7e3eaae4dc4dea460c717bc8,sha256:7c5fc7075c0e26e74bcb315433a6e9d5c4e36e5c7e3eaae4dc4dea460c717bc8,6580,True,True
case_064_highly_composite,highly_composite,46126080,6791,high,pass,,44021.0,82167.0,1.8665409690829378,2.0,2.0,1.0,42.0,42.0,1.0,42.0,42.0,1.0,0.0,0.0,1.0,1.0,34,34,34,16,1,34,119,0,17,17,0,0,0,34,0,17,17,1.0,0.0,0.058823529411764705,True,True,sha256:851d598b0c42df097fb9ed5df763850048ba52f14c0052e05e15b31fc071861e,sha256:45cdde92e66d9f89a2ed21076ce617279181ce7e99139333ab22be865c18cbc9,110187.5,3.0590219458363985,787.1904761904761,94895.5,2.5792778223230908,82167.0,82167.0,1.8665409690829378,1.8665409690829378,1.3410189005318436,1.1549101220684703,1.0,42.0,1.0,sha256:851d598b0c42df097fb9ed5df763850048ba52f14c0052e05e15b31fc071861e,sha256:851d598b0c42df097fb9ed5df763850048ba52f14c0052e05e15b31fc071861e,sha256:45cdde92e66d9f89a2ed21076ce617279181ce7e99139333ab22be865c18cbc9,sha256:45cdde92e66d9f89a2ed21076ce617279181ce7e99139333ab22be865c18cbc9,11221,True,True
case_065_repeated_factor,repeated_factor,7744,88,medium,pass,,54645.5,104437.5,1.9111820735467697,2.0,2.0,1.0,42.0,42.0,1.0,42.0,42.0,1.0,0.0,0.0,1.0,1.0,48,48,48,6,18,48,168,0,24,24,0,0,0,48,0,24,24,1.0,0.0,0.041666666666666664,True,True,sha256:915e4e67d51641517f43655d6dda2fd61e3a523adc3f327001190a8d63dbb2d9,sha256:af437ca186bfebb5770832d8b8ed23746c5d025d3c59f47866030e08d519fdeb,143312.0,3.109833237492812,1111.547619047619,121624.5,2.6368455284552845,104437.5,104437.5,1.9111820735467697,1.9111820735467697,1.372227408737283,1.1645673249551167,1.0,42.0,1.0,sha256:915e4e67d51641517f43655d6dda2fd61e3a523adc3f327001190a8d63dbb2d9,sha256:915e4e67d51641517f43655d6dda2fd61e3a523adc3f327001190a8d63dbb2d9,sha256:af437ca186bfebb5770832d8b8ed23746c5d025d3c59f47866030e08d519fdeb,sha256:af437ca186bfebb5770832d8b8ed23746c5d025d3c59f47866030e08d519fdeb,15862,True,True
case_066_small_search_space,small_search_space,160157,400,low,pass,,59229.0,119396.0,2.0158368366847323,2.0,2.0,1.0,42.0,42.0,1.0,42.0,42.0,1.0,0.0,0.0,1.0,1.0,62,62,62,1,30,62,217,0,31,31,0,0,0,62,0,31,31,1.0,0.0,0.03225806451612903,True,True,sha256:0a60771b5089912f359ca397adda49c18d9bcedd774ea2df1a451aa049f5bd2a,sha256:e48fb833eb012f24d4a7e156dc2e67c9217403ab76863a393cf55deaf8e27cec,170000.0,3.161584883904743,1436.142857142857,151958.0,2.8592825356803493,119396.0,119396.0,2.0158368366847323,2.0158368366847323,1.4238332942477134,1.2727227042782003,1.0,42.0,1.0,sha256:0a60771b5089912f359ca397adda49c18d9bcedd774ea2df1a451aa049f5bd2a,sha256:0a60771b5089912f359ca397adda49c18d9bcedd774ea2df1a451aa049f5bd2a,sha256:e48fb833eb012f24d4a7e156dc2e67c9217403ab76863a393cf55deaf8e27cec,sha256:e48fb833eb012f24d4a7e156dc2e67c9217403ab76863a393cf55deaf8e27cec,20503,True,True
case_067_medium_search_space,medium_search_space,162467,403,high,pass,,70354.0,141812.5,2.015699178440458,2.0,2.0,1.0,42.0,42.0,1.0,42.0,42.0,1.0,0.0,0.0,1.0,1.0,76,76,76,1,37,76,266,0,38,38,0,0,0,76,0,38,38,1.0,0.0,0.02631578947368421,True,True,sha256:8a38b03266170d0f70015d4ff518acdc1eaa5264a07f3d96909dfbd00339b279,sha256:31070bb4cbe13868ba738baa42d4672fda15a2558b63241cac62b976c635a868,205958.5,3.342125760649087,1760.9761904761904,178979.5,2.7695087040618955,141812.5,141812.5,2.015699178440458,2.015699178440458,1.4523296606434553,1.2620855002203615,1.0,42.0,1.0,sha256:8a38b03266170d0f70015d4ff518acdc1eaa5264a07f3d96909dfbd00339b279,sha256:8a38b03266170d0f70015d4ff518acdc1eaa5264a07f3d96909dfbd00339b279,sha256:31070bb4cbe13868ba738baa42d4672fda15a2558b63241cac62b976c635a868,sha256:31070bb4cbe13868ba738baa42d4672fda15a2558b63241cac62b976c635a868,25144,True,True
case_068_large_search_space,large_search_space,164777,405,medium,pass,,84500.0,166145.5,1.9662189349112427,2.0,2.0,1.0,42.0,42.0,1.0,42.0,42.0,1.0,0.0,0.0,1.0,1.0,90,90,90,0,45,90,315,0,45,45,0,0,0,90,0,45,45,1.0,0.0,0.022222222222222223,True,True,sha256:7934a35c1d5173eedbc704b3f6aadad086358d2d1a80fab274afdca5fd3d47ec,sha256:1a00814738e2189ce6ad651b27bacdec53f91c2abdfcc327778df391d797da57,228208.5,3.273754276738131,2085.7619047619046,203895.5,2.7654534480770927,166145.5,166145.5,1.9662189349112427,1.9662189349112427,1.3735460785877438,1.227210487193454,1.0,42.0,1.0,sha256:7934a35c1d5173eedbc704b3f6aadad086358d2d1a80fab274afdca5fd3d47ec,sha256:7934a35c1d5173eedbc704b3f6aadad086358d2d1a80fab274afdca5fd3d47ec,sha256:1a00814738e2189ce6ad651b27bacdec53f91c2abdfcc327778df391d797da57,sha256:1a00814738e2189ce6ad651b27bacdec53f91c2abdfcc327778df391d797da57,29785,True,True
case_069_high_compression,high_compression,167087,408,low,pass,,33145.5,49104.5,1.4814831575930367,2.0,2.0,1.0,42.0,42.0,1.0,42.0,42.0,1.0,0.0,0.0,1.0,1.0,18,18,18,0,9,18,63,0,9,9,0,0,0,18,0,9,9,1.0,0.0,0.1111111111111111,True,True,sha256:6e91e18363832c0a46f293b01cb174c824123338279239311ca0d2e244f04f45,sha256:c953f7059edff4df1937f8ef97bbac0806b40476c67306accd88a2ed746fea39,80895.5,2.861481049150174,415.3333333333333,60416.0,2.32929156626506,49104.5,49104.5,1.4814831575930367,1.4814831575930367,1.6474152063456506,1.2303556700506064,1.0,42.0,1.0,sha256:6e91e18363832c0a46f293b01cb174c824123338279239311ca0d2e244f04f45,sha256:6e91e18363832c0a46f293b01cb174c824123338279239311ca0d2e244f04f45,sha256:c953f7059edff4df1937f8ef97bbac0806b40476c67306accd88a2ed746fea39,sha256:c953f7059edff4df1937f8ef97bbac0806b40476c67306accd88a2ed746fea39,5919,True,True
case_070_low_compression,low_compression,169397,411,high,pass,,42729.5,71521.0,1.673808492961537,2.0,2.0,1.0,42.0,42.0,1.0,42.0,42.0,1.0,0.0,0.0,1.0,1.0,32,32,32,0,16,32,112,0,16,16,0,0,0,32,0,16,16,1.0,0.0,0.0625,True,True,sha256:f34844ca1c17ae53ddbccacfcdff069c23b05b17a621ef6ff9343bf0aecc6207,sha256:d5dd8276f66234c75910f435ff187cd6f11ca9776f2bda29f040782ccfdb2144,109125.0,2.897136712994305,740.0238095238095,93521.0,2.593303292894281,71521.0,71521.0,1.673808492961537,1.673808492961537,1.52577564631367,1.3076019630598006,1.0,42.0,1.0,sha256:f34844ca1c17ae53ddbccacfcdff069c23b05b17a621ef6ff9343bf0aecc6207,sha256:f34844ca1c17ae53ddbccacfcdff069c23b05b17a621ef6ff9343bf0aecc6207,sha256:d5dd8276f66234c75910f435ff187cd6f11ca9776f2bda29f040782ccfdb2144,sha256:d5dd8276f66234c75910f435ff187cd6f11ca9776f2bda29f040782ccfdb2144,10558,True,True
case_071_early_termination,early_termination,171707,414,medium,pass,,52083.5,96437.5,1.8515940748989603,2.0,2.0,1.0,42.0,42.0,1.0,42.0,42.0,1.0,0.0,0.0,1.0,1.0,46,46,46,0,23,46,161,0,23,23,0,0,0,46,0,23,23,1.0,0.0,0.043478260869565216,True,True,sha256:0407db01a37daa528a380981b2a9d2a1d42c9babd3774ebbdec29b1e43a2329f,sha256:670e7e50fded25f92f2788290895fd5ec8d4519c76d8fd9a4deecc3e976eac32,136604.0,2.988590743515976,1064.857142857143,119791.5,2.657102931227611,96437.5,96437.5,1.8515940748989603,1.8515940748989603,1.4165029163966298,1.2421672067401166,1.0,42.0,1.0,sha256:0407db01a37daa528a380981b2a9d2a1d42c9babd3774ebbdec29b1e43a2329f,sha256:0407db01a37daa528a380981b2a9d2a1d42c9babd3774ebbdec29b1e43a2329f,sha256:670e7e50fded25f92f2788290895fd5ec8d4519c76d8fd9a4deecc3e976eac32,sha256:670e7e50fded25f92f2788290895fd5ec8d4519c76d8fd9a4deecc3e976eac32,15199,True,True
case_072_long_search,long_search,174017,417,low,pass,,60187.5,127396.0,2.116652128764278,2.0,2.0,1.0,42.0,42.0,1.0,42.0,42.0,1.0,0.0,0.0,1.0,1.0,60,60,60,0,30,60,210,0,30,30,0,0,0,60,0,30,30,1.0,0.0,0.03333333333333333,True,True,sha256:195e89b5b8698b06af9539b6ad9f018d7a3992042cc8487b03be00ce9990d7ef,sha256:57e2f59bd0ce8fa54fc7cc6723872746fe23aebccec47519e140d1f1114e4c3b,168520.5,3.194731703618044,1389.6904761904761,147187.5,2.6650401057415487,127396.0,127396.0,2.116652128764278,2.116652128764278,1.3228084084272662,1.155354171245565,1.0,42.0,1.0,sha256:195e89b5b8698b06af9539b6ad9f018d7a3992042cc8487b03be00ce9990d7ef,sha256:195e89b5b8698b06af9539b6ad9f018d7a3992042cc8487b03be00ce9990d7ef,sha256:57e2f59bd0ce8fa54fc7cc6723872746fe23aebccec47519e140d1f1114e4c3b,sha256:57e2f59bd0ce8fa54fc7cc6723872746fe23aebccec47519e140d1f1114e4c3b,19840,True,True
case_073_prime,prime,176327,419,high,pass,,67041.5,138520.5,2.0661903447864383,2.0,2.0,1.0,42.0,42.0,1.0,42.0,42.0,1.0,0.0,0.0,1.0,1.0,74,74,74,0,37,74,259,0,37,37,0,0,0,74,0,37,37,1.0,0.0,0.02702702702702703,True,True,sha256:c7362b05ab4dcb25189315e774b86a880d7c80866f1bad5d7b29254621c8511b,sha256:e1d363425afb0de4b13cafe1bcac15f6b8e81bddc56148d8c594de75280af529,201083.5,3.277430974345601,1714.5238095238096,177958.5,2.7679726871150376,138520.5,138520.5,2.0661903447864383,2.0661903447864383,1.4516515605993336,1.284708761519053,1.0,42.0,1.0,sha256:c7362b05ab4dcb25189315e774b86a880d7c80866f1bad5d7b29254621c8511b,sha256:c7362b05ab4dcb25189315e774b86a880d7c80866f1bad5d7b29254621c8511b,sha256:e1d363425afb0de4b13cafe1bcac15f6b8e81bddc56148d8c594de75280af529,sha256:e1d363425afb0de4b13cafe1bcac15f6b8e81bddc56148d8c594de75280af529,24481,True,True
case_074_semiprime,semiprime,30624,174,medium,pass,,75854.5,156437.5,2.062336446750028,2.0,2.0,1.0,42.0,42.0,1.0,42.0,42.0,1.0,0.0,0.0,1.0,1.0,88,88,88,14,30,88,308,0,44,44,0,0,0,88,0,44,44,1.0,0.0,0.022727272727272728,True,True,sha256:d77f84aa15553b76a163aaee058a98cd7de7f0db402250bcbe3e31c9ead93b14,sha256:ade6e71694b59f7b10bd7dd574cba0da5480917d047d7d0feb1292b92d189226,225708.0,3.211028360470327,2040.0238095238096,204625.0,2.802276057572479,156437.5,156437.5,2.062336446750028,2.062336446750028,1.4427998401917699,1.3080303635637236,1.0,42.0,1.0,sha256:d77f84aa15553b76a163aaee058a98cd7de7f0db402250bcbe3e31c9ead93b14,sha256:d77f84aa15553b76a163aaee058a98cd7de7f0db402250bcbe3e31c9ead93b14,sha256:ade6e71694b59f7b10bd7dd574cba0da5480917d047d7d0feb1292b92d189226,sha256:ade6e71694b59f7b10bd7dd574cba0da5480917d047d7d0feb1292b92d189226,29122,True,True
case_075_composite,composite,9604,98,low,pass,,26124.5,47499.5,1.8181974774636835,2.0,2.0,1.0,42.0,42.0,1.0,42.0,42.0,1.0,0.0,0.0,1.0,1.0,16,16,16,3,5,16,56,0,8,8,0,0,0,16,0,8,8,1.0,0.0,0.125,True,True,sha256:b9fda8634c7ae4e6a999614a39dac72d58c4aa729871d74d303d90efdb49d284,sha256:866616e35edc5c90bc994d40ac1980ecabc265e2e2be58183bd97d6383abcd81,66437.5,2.4455221408326278,369.2142857142857,55917.0,2.203625615763547,47499.5,47499.5,1.8181974774636835,1.8181974774636835,1.398698933672986,1.1772123917093864,1.0,42.0,1.0,sha256:b9fda8634c7ae4e6a999614a39dac72d58c4aa729871d74d303d90efdb49d284,sha256:b9fda8634c7ae4e6a999614a39dac72d58c4aa729871d74d303d90efdb49d284,sha256:866616e35edc5c90bc994d40ac1980ecabc265e2e2be58183bd97d6383abcd81,sha256:866616e35edc5c90bc994d40ac1980ecabc265e2e2be58183bd97d6383abcd81,5258,True,True
case_076_highly_composite,highly_composite,54774720,7400,high,pass,,35895.5,64229.0,1.78933292473987,2.0,2.0,1.0,42.0,42.0,1.0,42.0,42.0,1.0,0.0,0.0,0.0,0.0,30,30,30,15,0,30,105,0,15,15,0,0,0,30,0,15,15,1.0,0.0,0.06666666666666667,True,True,sha256:f38f11353ab216bd339f86563ba45012516b8b9157d123704e4d72b8c21d2f0a,sha256:ea4469061481e73174425a090efe014a621753574bd54db567ec758b857edb53,100958.5,2.93168684844789,694.3333333333334,84395.5,2.680966978509824,64229.0,64229.0,1.78933292473987,1.78933292473987,1.571852278565757,1.313978109576671,1.0,42.0,1.0,sha256:f38f11353ab216bd339f86563ba45012516b8b9157d123704e4d72b8c21d2f0a,sha256:f38f11353ab216bd339f86563ba45012516b8b9157d123704e4d72b8c21d2f0a,sha256:ea4469061481e73174425a090efe014a621753574bd54db567ec758b857edb53,sha256:ea4469061481e73174425a090efe014a621753574bd54db567ec758b857edb53,9895,True,True
case_077_repeated_factor,repeated_factor,10000,100,medium,pass,,47979.5,91792.0,1.9131504079867443,2.0,2.0,1.0,42.0,42.0,1.0,42.0,42.0,1.0,0.0,0.0,1.0,1.0,44,44,44,7,15,44,154,0,22,22,0,0,0,44,0,22,22,1.0,0.0,0.045454545454545456,True,True,sha256:1aa796d1c5324743aa33982bcd777d6b6ec2e3be8c8bcbf43fe2722b7bb3adc3,sha256:2eaccd2d98eea8fb2d8bffa98cb959bfe806373a6d8288a17bae7180ebd6c61d,134541.5,3.03479349468793,1018.7857142857143,120250.0,2.7472527472527473,91792.0,91792.0,1.9131504079867443,1.9131504079867443,1.4657214136308174,1.31002701760502,1.0,42.0,1.0,sha256:1aa796d1c5324743aa33982bcd777d6b6ec2e3be8c8bcbf43fe2722b7bb3adc3,sha256:1aa796d1c5324743aa33982bcd777d6b6ec2e3be8c8bcbf43fe2722b7bb3adc3,sha256:2eaccd2d98eea8fb2d8bffa98cb959bfe806373a6d8288a17bae7180ebd6c61d,sha256:2eaccd2d98eea8fb2d8bffa98cb959bfe806373a6d8288a17bae7180ebd6c61d,14536,True,True
case_078_small_search_space,small_search_space,187877,433,low,pass,,59499.5,114104.0,1.9177304010958076,2.0,2.0,1.0,42.0,42.0,1.0,42.0,42.0,1.0,0.0,0.0,1.0,1.0,58,58,58,0,29,58,203,0,29,29,0,0,0,58,0,29,29,1.0,0.0,0.034482758620689655,True,True,sha256:43c6fcc4cb2d1c3f5f1abc344704359897e83f7842b9b62c8fadc881e36f2000,sha256:c30878726f7098a3c1813edf962b9626f3c730260fb1a1f0cc1c1fbbd12564eb,161271.0,3.2040489932152543,1343.2857142857142,147771.0,2.671566101694915,114104.0,114104.0,1.9177304010958076,1.9177304010958076,1.4133685059244199,1.2950553880670266,1.0,42.0,1.0,sha256:43c6fcc4cb2d1c3f5f1abc344704359897e83f7842b9b62c8fadc881e36f2000,sha256:43c6fcc4cb2d1c3f5f1abc344704359897e83f7842b9b62c8fadc881e36f2000,sha256:c30878726f7098a3c1813edf962b9626f3c730260fb1a1f0cc1c1fbbd12564eb,sha256:c30878726f7098a3c1813edf962b9626f3c730260fb1a1f0cc1c1fbbd12564eb,19177,True,True
case_079_medium_search_space,medium_search_space,190187,436,high,pass,,65625.5,133625.0,2.0361749624764762,2.0,2.0,1.0,42.0,42.0,1.0,42.0,42.0,1.0,0.0,0.0,1.0,1.0,72,72,72,1,35,72,252,0,36,36,0,0,0,72,0,36,36,1.0,0.0,0.027777777777777776,True,True,sha256:54038f1cba251792bbff4103a292bb1e50c707d6de07d458db4d5ab11237d799,sha256:a84033f61697149ab1f2906d9a6297b44f5cbc7e2146510bf3457eecd8f5f842,190020.5,3.2320808953599127,1668.1666666666667,170104.0,2.7099138137037806,133625.0,133625.0,2.0361749624764762,2.0361749624764762,1.4220430308699719,1.2729953227315247,1.0,42.0,1.0,sha256:54038f1cba251792bbff4103a292bb1e50c707d6de07d458db4d5ab11237d799,sha256:54038f1cba251792bbff4103a292bb1e50c707d6de07d458db4d5ab11237d799,sha256:a84033f61697149ab1f2906d9a6297b44f5cbc7e2146510bf3457eecd8f5f842,sha256:a84033f61697149ab1f2906d9a6297b44f5cbc7e2146510bf3457eecd8f5f842,23818,True,True
case_080_large_search_space,large_search_space,192497,438,medium,pass,,77625.0,166646.0,2.146808373590982,2.0,2.0,1.0,42.0,42.0,1.0,42.0,42.0,1.0,0.0,0.0,1.0,1.0,86,86,86,0,43,86,301,0,43,43,0,0,0,86,0,43,43,1.0,0.0,0.023255813953488372,True,True,sha256:ad15c62f9fcc8c12dea56b5ac91982b1c095a7a01ade8bfa86f23795b2ae1284,sha256:de110fe428505dd9d35f3030aee0212c7affceb5e18162bfe2ea5bf4fb189269,220625.0,3.279645017912622,1992.952380952381,196312.5,2.6701554657852857,166646.0,166646.0,2.146808373590982,2.146808373590982,1.3239141653565043,1.178021074613252,1.0,42.0,1.0,sha256:ad15c62f9fcc8c12dea56b5ac91982b1c095a7a01ade8bfa86f23795b2ae1284,sha256:ad15c62f9fcc8c12dea56b5ac91982b1c095a7a01ade8bfa86f23795b2ae1284,sha256:de110fe428505dd9d35f3030aee0212c7affceb5e18162bfe2ea5bf4fb189269,sha256:de110fe428505dd9d35f3030aee0212c7affceb5e18162bfe2ea5bf4fb189269,28459,True,True
case_081_high_compression,high_compression,194807,441,low,pass,,28687.5,44041.5,1.5352156862745099,2.0,2.0,1.0,42.0,42.0,1.0,42.0,42.0,1.0,0.0,0.0,1.0,1.0,14,14,14,0,7,14,49,0,7,7,0,0,0,14,0,7,7,1.0,0.0,0.14285714285714285,True,True,sha256:e162d06ee7aaa0e18b5c7b996f968bc15098ffece97614a50ec52834791edbcd,sha256:ec13680c654771ea931bd24566e1bb1b7fdeb47bf66c98df182067eee75f2e91,61958.0,2.4680037443486227,323.04761904761904,53541.5,2.30494209823927,44041.5,44041.5,1.5352156862745099,1.5352156862745099,1.4068094865070444,1.2157056412701657,1.0,42.0,1.0,sha256:e162d06ee7aaa0e18b5c7b996f968bc15098ffece97614a50ec52834791edbcd,sha256:e162d06ee7aaa0e18b5c7b996f968bc15098ffece97614a50ec52834791edbcd,sha256:ec13680c654771ea931bd24566e1bb1b7fdeb47bf66c98df182067eee75f2e91,sha256:ec13680c654771ea931bd24566e1bb1b7fdeb47bf66c98df182067eee75f2e91,4601,True,True
case_082_low_compression,low_compression,197117,443,high,pass,,38459.0,66708.0,1.73452247848358,2.0,2.0,1.0,42.0,42.0,1.0,42.0,42.0,1.0,0.0,0.0,1.0,1.0,28,28,28,0,14,28,98,0,14,14,0,0,0,28,0,14,14,1.0,0.0,0.07142857142857142,True,True,sha256:773f9aca43a06e5b13ce76309a1b48efc3812a56574aae0bc544096eeac077a5,sha256:1d842ac81bd4e56478bb21aed0baf76f26a9b4f863e955ac875e4bca02adefac,94812.5,2.9960342539341465,647.2142857142857,84292.0,2.522504189609768,66708.0,66708.0,1.73452247848358,1.73452247848358,1.4213062901001379,1.2635965701265215,1.0,42.0,1.0,sha256:773f9aca43a06e5b13ce76309a1b48efc3812a56574aae0bc544096eeac077a5,sha256:773f9aca43a06e5b13ce76309a1b48efc3812a56574aae0bc544096eeac077a5,sha256:1d842ac81bd4e56478bb21aed0baf76f26a9b4f863e955ac875e4bca02adefac,sha256:1d842ac81bd4e56478bb21aed0baf76f26a9b4f863e955ac875e4bca02adefac,9232,True,True
case_083_early_termination,early_termination,199427,446,medium,pass,,46625.0,88291.5,1.893651474530831,2.0,2.0,1.0,42.0,42.0,1.0,42.0,42.0,1.0,0.0,0.0,1.0,1.0,42,42,42,1,20,42,147,0,21,21,0,0,0,42,0,21,21,1.0,0.0,0.047619047619047616,True,True,sha256:4e6e0d9582c5bb4d7aa401b6e9eefd67300e46e57e2050fbab14de1e8cf5bec5,sha256:54da3b441f834ced98d7aca7e6d7e450393c714d71c6b1bda8daf2ba920245e3,127520.5,3.0034150994500513,972.0952380952381,111750.0,2.6345879551589593,88291.5,88291.5,1.893651474530831,1.893651474530831,1.4443123063941603,1.2656937530792884,1.0,42.0,1.0,sha256:4e6e0d9582c5bb4d7aa401b6e9eefd67300e46e57e2050fbab14de1e8cf5bec5,sha256:4e6e0d9582c5bb4d7aa401b6e9eefd67300e46e57e2050fbab14de1e8cf5bec5,sha256:54da3b441f834ced98d7aca7e6d7e450393c714d71c6b1bda8daf2ba920245e3,sha256:54da3b441f834ced98d7aca7e6d7e450393c714d71c6b1bda8daf2ba920245e3,13873,True,True
case_084_long_search,long_search,201737,449,low,pass,,59104.0,109604.0,1.854426096372496,2.0,2.0,1.0,42.0,42.0,1.0,42.0,42.0,1.0,0.0,0.0,1.0,1.0,56,56,56,0,28,56,196,0,28,28,0,0,0,56,0,28,28,1.0,0.0,0.03571428571428571,True,True,sha256:327f20de2278d0058b6d6fcf7a009e44329674e0ae076e39bdf7a176b5c00baa,sha256:23351f5eaf65209b40965a36cf2582a0dd84a96b850a5c6b24c36809c7927dd5,155750.0,3.0702056988537243,1296.8809523809523,139417.0,2.7837190264161493,109604.0,109604.0,1.854426096372496,1.854426096372496,1.421024780117514,1.2720064961132804,1.0,42.0,1.0,sha256:327f20de2278d0058b6d6fcf7a009e44329674e0ae076e39bdf7a176b5c00baa,sha256:327f20de2278d0058b6d6fcf7a009e44329674e0ae076e39bdf7a176b5c00baa,sha256:23351f5eaf65209b40965a36cf2582a0dd84a96b850a5c6b24c36809c7927dd5,sha256:23351f5eaf65209b40965a36cf2582a0dd84a96b850a5c6b24c36809c7927dd5,18514,True,True
case_085_prime,prime,204047,451,high,pass,,65166.5,132604.5,2.0348568666416025,2.0,2.0,1.0,42.0,42.0,1.0,42.0,42.0,1.0,0.0,0.0,1.0,1.0,70,70,70,0,35,70,245,0,35,35,0,0,0,70,0,35,35,1.0,0.0,0.02857142857142857,True,True,sha256:8b15612327fa2c526c615a92a68d27bff696f6bd0ba9f353586bb2a0aab8e93e,sha256:9364d1e5a4e9f49f2c8e967aec246435ffab53b89190cdea0eebdec27640b4e4,186271.0,3.226645186994405,1621.7142857142858,171083.5,2.7237174129353234,132604.5,132604.5,2.0348568666416025,2.0348568666416025,1.404711001512015,1.2901786892601683,1.0,42.0,1.0,sha256:8b15612327fa2c526c615a92a68d27bff696f6bd0ba9f353586bb2a0aab8e93e,sha256:8b15612327fa2c526c615a92a68d27bff696f6bd0ba9f353586bb2a0aab8e93e,sha256:9364d1e5a4e9f49f2c8e967aec246435ffab53b89190cdea0eebdec27640b4e4,sha256:9364d1e5a4e9f49f2c8e967aec246435ffab53b89190cdea0eebdec27640b4e4,23155,True,True
case_086_semiprime,semiprime,34968,186,medium,pass,,77875.0,152083.0,1.9529117174959871,2.0,2.0,1.0,42.0,42.0,1.0,42.0,42.0,1.0,0.0,0.0,1.0,1.0,84,84,84,8,34,84,294,0,42,42,0,0,0,84,0,42,42,1.0,0.0,0.023809523809523808,True,True,sha256:1d77dc078118dc35e743a81ec72c6ba6fde73a06aee0b30e402f96aeff946e15,sha256:50ba65ac9840a6a8f9662de0d856538bf71d11551eafd15eb718ac427e7ea087,217604.0,3.2732742670617787,1946.9285714285713,193646.0,2.756526690391459,152083.0,152083.0,1.9529117174959871,1.9529117174959871,1.4308239579703188,1.273291557899305,1.0,42.0,1.0,sha256:1d77dc078118dc35e743a81ec72c6ba6fde73a06aee0b30e402f96aeff946e15,sha256:1d77dc078118dc35e743a81ec72c6ba6fde73a06aee0b30e402f96aeff946e15,sha256:50ba65ac9840a6a8f9662de0d856538bf71d11551eafd15eb718ac427e7ea087,sha256:50ba65ac9840a6a8f9662de0d856538bf71d11551eafd15eb718ac427e7ea087,27796,True,True
case_087_composite,composite,12100,110,low,pass,,25687.5,39542.0,1.5393479318734793,2.0,2.0,1.0,42.0,42.0,1.0,42.0,42.0,1.0,0.0,0.0,1.0,1.0,12,12,12,3,3,12,42,0,6,6,0,0,0,12,0,6,6,1.0,0.0,0.16666666666666666,True,True,sha256:aa77c5e64d9963f964f55d470897a48102c6d8d940d0468131ac99a245fc3e01,sha256:ed0f1ba1fdc28b886aef866c3df77aeb3393bf4c5bbdb17494058ab35d0e61fa,54291.5,2.2719911282222967,277.1666666666667,47250.0,2.0712328767123287,39542.0,39542.0,1.5393479318734793,1.5393479318734793,1.3730084467148855,1.194931971068737,1.0,42.0,1.0,sha256:aa77c5e64d9963f964f55d470897a48102c6d8d940d0468131ac99a245fc3e01,sha256:aa77c5e64d9963f964f55d470897a48102c6d8d940d0468131ac99a245fc3e01,sha256:ed0f1ba1fdc28b886aef866c3df77aeb3393bf4c5bbdb17494058ab35d0e61fa,sha256:ed0f1ba1fdc28b886aef866c3df77aeb3393bf4c5bbdb17494058ab35d0e61fa,3944,True,True
case_088_highly_composite,highly_composite,63423360,7963,high,pass,,32021.0,58917.0,1.8399487836107555,2.0,2.0,1.0,42.0,42.0,1.0,42.0,42.0,1.0,0.0,0.0,0.0,0.0,26,26,26,13,0,26,91,0,13,13,0,0,0,26,0,13,13,1.0,0.0,0.07692307692307693,True,True,sha256:b50dad8c1a2aa4b6e9cf3d73d07d4dbba7ca9cbcc216a6cfcef8fbd08f76e5a4,sha256:e2d15b69bf01593028bf9fd9444c416d1c4e4c15a50888bf4642d4edee0008e1,90583.5,2.9537776763296053,601.4285714285714,81250.0,2.61392700307237,58917.0,58917.0,1.8399487836107555,1.8399487836107555,1.5374764499210753,1.3790586757642107,1.0,42.0,1.0,sha256:b50dad8c1a2aa4b6e9cf3d73d07d4dbba7ca9cbcc216a6cfcef8fbd08f76e5a4,sha256:b50dad8c1a2aa4b6e9cf3d73d07d4dbba7ca9cbcc216a6cfcef8fbd08f76e5a4,sha256:e2d15b69bf01593028bf9fd9444c416d1c4e4c15a50888bf4642d4edee0008e1,sha256:e2d15b69bf01593028bf9fd9444c416d1c4e4c15a50888bf4642d4edee0008e1,8569,True,True
case_089_repeated_factor,repeated_factor,12544,112,medium,pass,,45333.0,85813.0,1.8929477422628107,2.0,2.0,1.0,42.0,42.0,1.0,42.0,42.0,1.0,0.0,0.0,1.0,1.0,40,40,40,6,14,40,140,0,20,20,0,0,0,40,0,20,20,1.0,0.0,0.05,True,True,sha256:852893d336524e31158a227880fd5738033cb797cfd28308e859171014550616,sha256:e89880b3e933c2a44d5c506129855a601effd470a7e86031b6a1c57373371bc1,126292.0,3.0493160938273394,925.9285714285714,109854.5,2.562204081632653,85813.0,85813.0,1.8929477422628107,1.8929477422628107,1.4717117453066553,1.2801615139897218,1.0,42.0,1.0,sha256:852893d336524e31158a227880fd5738033cb797cfd28308e859171014550616,sha256:852893d336524e31158a227880fd5738033cb797cfd28308e859171014550616,sha256:e89880b3e933c2a44d5c506129855a601effd470a7e86031b6a1c57373371bc1,sha256:e89880b3e933c2a44d5c506129855a601effd470a7e86031b6a1c57373371bc1,13210,True,True
case_090_small_search_space,small_search_space,215597,464,low,pass,,58000.0,111792.0,1.927448275862069,2.0,2.0,1.0,42.0,42.0,1.0,42.0,42.0,1.0,0.0,0.0,1.0,1.0,54,54,54,0,27,54,189,0,27,27,0,0,0,54,0,27,27,1.0,0.0,0.037037037037037035,True,True,sha256:1b8fa65dda94c1c5439975a7ee3b7a7141a54bf4fe767ed9af5a8d7daff60988,sha256:79fe9a6388199da47b602f810d37317ff48cffe4d64e1c4eb2e601915e970948,149895.5,3.0906288659793812,1250.4761904761904,134146.5,2.6357241799373226,111792.0,111792.0,1.927448275862069,1.927448275862069,1.3408428152282812,1.1999651137827394,1.0,42.0,1.0,sha256:1b8fa65dda94c1c5439975a7ee3b7a7141a54bf4fe767ed9af5a8d7daff60988,sha256:1b8fa65dda94c1c5439975a7ee3b7a7141a54bf4fe767ed9af5a8d7daff60988,sha256:79fe9a6388199da47b602f810d37317ff48cffe4d64e1c4eb2e601915e970948,sha256:79fe9a6388199da47b602f810d37317ff48cffe4d64e1c4eb2e601915e970948,17851,True,True
case_091_medium_search_space,medium_search_space,217907,466,high,pass,,64021.0,131542.0,2.0546695615501163,2.0,2.0,1.0,42.0,42.0,1.0,42.0,42.0,1.0,0.0,0.0,1.0,1.0,68,68,68,0,34,68,238,0,34,34,0,0,0,68,0,34,34,1.0,0.0,0.029411764705882353,True,True,sha256:de01f8eb194f5c5c44d16bca1bb2f9d76a08d30adb83f07a9ebc17eec8ecbe0a,sha256:1686a94fba326fa96dea5c60836e4984db3be09f9aba658f5c509f951f3fb066,184750.0,3.2483516483516484,1575.3095238095239,169042.0,2.8400635075310188,131542.0,131542.0,2.0546695615501163,2.0546695615501163,1.404494382022472,1.2850800504781743,1.0,42.0,1.0,sha256:de01f8eb194f5c5c44d16bca1bb2f9d76a08d30adb83f07a9ebc17eec8ecbe0a,sha256:de01f8eb194f5c5c44d16bca1bb2f9d76a08d30adb83f07a9ebc17eec8ecbe0a,sha256:1686a94fba326fa96dea5c60836e4984db3be09f9aba658f5c509f951f3fb066,sha256:1686a94fba326fa96dea5c60836e4984db3be09f9aba658f5c509f951f3fb066,22492,True,True
case_092_large_search_space,large_search_space,220217,469,medium,pass,,72770.5,149854.5,2.059275393188174,2.0,2.0,1.0,42.0,42.0,1.0,42.0,42.0,1.0,0.0,0.0,1.0,1.0,82,82,82,0,41,82,287,0,41,41,0,0,0,82,0,41,41,1.0,0.0,0.024390243902439025,True,True,sha256:fff90d39d34b1a2680f672c3f827218bbd4529a3d6b69b469fd181aa9223ff24,sha256:2ef96678c2ddee5d8d31d98d07429664038ad4a4251cc9d155582b8c4e3c5333,212771.0,3.3083926141885325,1900.142857142857,189396.0,2.74073859689743,149854.5,149854.5,2.059275393188174,2.059275393188174,1.4198505884040853,1.2638659499714724,1.0,42.0,1.0,sha256:fff90d39d34b1a2680f672c3f827218bbd4529a3d6b69b469fd181aa9223ff24,sha256:fff90d39d34b1a2680f672c3f827218bbd4529a3d6b69b469fd181aa9223ff24,sha256:2ef96678c2ddee5d8d31d98d07429664038ad4a4251cc9d155582b8c4e3c5333,sha256:2ef96678c2ddee5d8d31d98d07429664038ad4a4251cc9d155582b8c4e3c5333,27133,True,True
case_093_high_compression,high_compression,222527,471,low,pass,,79562.5,168625.0,2.1194029850746268,2.0,2.0,1.0,42.0,42.0,1.0,42.0,42.0,1.0,0.0,0.0,1.0,1.0,96,96,96,0,48,96,336,0,48,48,0,0,0,96,0,48,48,1.0,0.0,0.020833333333333332,True,True,sha256:b737a83b048ccffb69e51f3c441f4128a170e18c481a0650e971400bf445053a,sha256:4f20ff24fcdb01ec94786f774453408cb171c8a917d654046790e8b617692041,238937.0,3.208112353817855,2224.9761904761904,215208.5,2.8070734936380295,168625.0,168625.0,2.1194029850746268,2.1194029850746268,1.4169725722757598,1.2762550037064493,1.0,42.0,1.0,sha256:b737a83b048ccffb69e51f3c441f4128a170e18c481a0650e971400bf445053a,sha256:b737a83b048ccffb69e51f3c441f4128a170e18c481a0650e971400bf445053a,sha256:4f20ff24fcdb01ec94786f774453408cb171c8a917d654046790e8b617692041,sha256:4f20ff24fcdb01ec94786f774453408cb171c8a917d654046790e8b617692041,31774,True,True
case_094_low_compression,low_compression,224837,474,high,pass,,32479.5,58271.0,1.7940855000846687,2.0,2.0,1.0,42.0,42.0,1.0,42.0,42.0,1.0,0.0,0.0,1.0,1.0,24,24,24,0,12,24,84,0,12,12,0,0,0,24,0,12,12,1.0,0.0,0.08333333333333333,True,True,sha256:8f0e347bb298cd560b500f75c14d04a4f42a8c2e7865bc0c8d2c3f2511c0e0a5,sha256:41ecc69d5d7cf0b208f839a5d85d28928264b02f063501800743b621a4da043b,88000.0,2.9111118462403653,554.4047619047619,77354.0,2.332293127101141,58271.0,58271.0,1.7940855000846687,1.7940855000846687,1.5101851692951898,1.3274870862006831,1.0,42.0,1.0,sha256:8f0e347bb298cd560b500f75c14d04a4f42a8c2e7865bc0c8d2c3f2511c0e0a5,sha256:8f0e347bb298cd560b500f75c14d04a4f42a8c2e7865bc0c8d2c3f2511c0e0a5,sha256:41ecc69d5d7cf0b208f839a5d85d28928264b02f063501800743b621a4da043b,sha256:41ecc69d5d7cf0b208f839a5d85d28928264b02f063501800743b621a4da043b,7906,True,True
case_095_early_termination,early_termination,227147,476,medium,pass,,42833.0,82125.0,1.917330095954054,2.0,2.0,1.0,42.0,42.0,1.0,42.0,42.0,1.0,0.0,0.0,1.0,1.0,38,38,38,0,19,38,133,0,19,19,0,0,0,38,0,19,19,1.0,0.0,0.05263157894736842,True,True,sha256:3b42c320d7372ba6e625468732a96825c22a8da348cab6bf91d1d986f42c9fca,sha256:29b617d2c20374ef8a93672969de7bfd593ea14fd0cc92b228d988bd83f711d5,119354.0,2.9730355830665953,879.2380952380952,100562.5,2.425647643398138,82125.0,82125.0,1.917330095954054,1.917330095954054,1.4533211567732116,1.2245053272450532,1.0,42.0,1.0,sha256:3b42c320d7372ba6e625468732a96825c22a8da348cab6bf91d1d986f42c9fca,sha256:3b42c320d7372ba6e625468732a96825c22a8da348cab6bf91d1d986f42c9fca,sha256:29b617d2c20374ef8a93672969de7bfd593ea14fd0cc92b228d988bd83f711d5,sha256:29b617d2c20374ef8a93672969de7bfd593ea14fd0cc92b228d988bd83f711d5,12547,True,True
case_096_long_search,long_search,229457,479,low,pass,,53999.5,106416.5,1.9706941730941954,2.0,2.0,1.0,42.0,42.0,1.0,42.0,42.0,1.0,0.0,0.0,1.0,1.0,52,52,52,0,26,52,182,0,26,26,0,0,0,52,0,26,26,1.0,0.0,0.038461538461538464,True,True,sha256:3c954aaca280d0b804d6f76e715dd52e0053f3b77b61994f219b86c68c20bfb1,sha256:4291c0f0ab3c701da5e037ce052d7a4da2ee8923954b779ddb73cc90e58e1a0b,147333.5,3.141707181849198,1204.0714285714287,132791.5,2.5629240048250903,106416.5,106416.5,1.9706941730941954,1.9706941730941954,1.3844986444771252,1.2478469034407258,1.0,42.0,1.0,sha256:3c954aaca280d0b804d6f76e715dd52e0053f3b77b61994f219b86c68c20bfb1,sha256:3c954aaca280d0b804d6f76e715dd52e0053f3b77b61994f219b86c68c20bfb1,sha256:4291c0f0ab3c701da5e037ce052d7a4da2ee8923954b779ddb73cc90e58e1a0b,sha256:4291c0f0ab3c701da5e037ce052d7a4da2ee8923954b779ddb73cc90e58e1a0b,17188,True,True
case_097_prime,prime,231767,481,high,pass,,66979.0,125146.0,1.8684363755804059,2.0,2.0,1.0,42.0,42.0,1.0,42.0,42.0,1.0,0.0,0.0,1.0,1.0,66,66,66,0,33,66,231,0,33,33,0,0,0,66,0,33,33,1.0,0.0,0.030303030303030304,True,True,sha256:e9c16414d244dbef9671a3ffa72cbcdeb9fef0454db6fbb8d38a4326b230f5d0,sha256:bab7c9e9a0ea6ee0db291aab98629039d3e7f15bb8eec1cc4f4062b84b0e178e,178375.0,3.235827664399093,1528.904761904762,161791.5,2.7500127479475807,125146.0,125146.0,1.8684363755804059,1.8684363755804059,1.4253352084764994,1.2928219839227781,1.0,42.0,1.0,sha256:e9c16414d244dbef9671a3ffa72cbcdeb9fef0454db6fbb8d38a4326b230f5d0,sha256:e9c16414d244dbef9671a3ffa72cbcdeb9fef0454db6fbb8d38a4326b230f5d0,sha256:bab7c9e9a0ea6ee0db291aab98629039d3e7f15bb8eec1cc4f4062b84b0e178e,sha256:bab7c9e9a0ea6ee0db291aab98629039d3e7f15bb8eec1cc4f4062b84b0e178e,21829,True,True
case_098_semiprime,semiprime,39600,198,medium,pass,,69875.0,151729.0,2.1714347048300535,2.0,2.0,1.0,42.0,42.0,1.0,42.0,42.0,1.0,0.0,0.0,1.0,1.0,80,80,80,21,19,80,280,0,40,40,0,0,0,80,0,40,40,1.0,0.0,0.025,True,True,sha256:7239ea8dc13e90f3af41279cf4a96241c19412404440036d40e9a59b6f104d62,sha256:ff17ca6c1bd3ec284582d65763bdfbbf67f3b00ee97f26ff0c7ffa2e8c4f2e66,206500.0,3.2605177354796435,1854.7380952380952,182771.0,2.678787612305618,151729.0,151729.0,2.1714347048300535,2.1714347048300535,1.3609791140783898,1.2045884438703214,1.0,42.0,1.0,sha256:7239ea8dc13e90f3af41279cf4a96241c19412404440036d40e9a59b6f104d62,sha256:7239ea8dc13e90f3af41279cf4a96241c19412404440036d40e9a59b6f104d62,sha256:ff17ca6c1bd3ec284582d65763bdfbbf67f3b00ee97f26ff0c7ffa2e8c4f2e66,sha256:ff17ca6c1bd3ec284582d65763bdfbbf67f3b00ee97f26ff0c7ffa2e8c4f2e66,26470,True,True
case_099_composite,composite,14884,122,low,pass,,79792.0,167167.0,2.095034589933828,2.0,2.0,1.0,42.0,42.0,1.0,42.0,42.0,1.0,0.0,0.0,1.0,1.0,94,94,94,2,45,94,329,0,47,47,0,0,0,94,0,47,47,1.0,0.0,0.02127659574468085,True,True,sha256:89b94e3ec0fb641a6f5b7443cf85f5dd0c74624e3a4d6596403d99f05687072c,sha256:10341dff2ed3ca7c686b2066b83dc1f9a320217e9e88d52237e91c988b513064,237208.5,3.2531748861703877,2178.6666666666665,210562.5,2.8350567516258027,167167.0,167167.0,2.095034589933828,2.095034589933828,1.4189911884522663,1.2595936997134602,1.0,42.0,1.0,sha256:89b94e3ec0fb641a6f5b7443cf85f5dd0c74624e3a4d6596403d99f05687072c,sha256:89b94e3ec0fb641a6f5b7443cf85f5dd0c74624e3a4d6596403d99f05687072c,sha256:10341dff2ed3ca7c686b2066b83dc1f9a320217e9e88d52237e91c988b513064,sha256:10341dff2ed3ca7c686b2066b83dc1f9a320217e9e88d52237e91c988b513064,31111,True,True
case_100_highly_composite,highly_composite,72072000,8489,high,pass,,29687.5,53041.5,1.786661052631579,2.0,2.0,1.0,42.0,42.0,1.0,42.0,42.0,1.0,0.0,0.0,0.0,0.0,22,22,22,11,0,22,77,0,11,11,0,0,0,22,0,11,11,1.0,0.0,0.09090909090909091,True,True,sha256:ed6e06154f27979e00e37afe081bdbc6c0853f8f72aa8b3bb3a70e8e5b38f941,sha256:99cd2eea0a6a2c0725b5ecc63d42b95f3d4d4256665a73ab379c43091eaeecc1,81896.0,2.9780363636363636,508.5238095238095,70104.0,2.4384,53041.5,53041.5,1.786661052631579,1.786661052631579,1.5439985671596768,1.3216820791267214,1.0,42.0,1.0,sha256:ed6e06154f27979e00e37afe081bdbc6c0853f8f72aa8b3bb3a70e8e5b38f941,sha256:ed6e06154f27979e00e37afe081bdbc6c0853f8f72aa8b3bb3a70e8e5b38f941,sha256:99cd2eea0a6a2c0725b5ecc63d42b95f3d4d4256665a73ab379c43091eaeecc1,sha256:99cd2eea0a6a2c0725b5ecc63d42b95f3d4d4256665a73ab379c43091eaeecc1,7243,True,True
case_101_repeated_factor,repeated_factor,15376,124,medium,pass,,41104.0,77187.0,1.8778464383028415,2.0,2.0,1.0,42.0,42.0,1.0,42.0,42.0,1.0,0.0,0.0,1.0,1.0,36,36,36,4,14,36,126,0,18,18,0,0,0,36,0,18,18,1.0,0.0,0.05555555555555555,True,True,sha256:4d44857bc14a42a3e77c4cc94c02aab94675277389f7213282f6bdb5f1aa1fae,sha256:06e253cd44533be75f073bbe34e19d2dc832102e02a40a8a07517ad30cd618d7,115146.5,3.067178988585965,833.0238095238095,99167.0,2.4856376579105675,77187.0,77187.0,1.8778464383028415,1.8778464383028415,1.491786181610893,1.2847629782217214,1.0,42.0,1.0,sha256:4d44857bc14a42a3e77c4cc94c02aab94675277389f7213282f6bdb5f1aa1fae,sha256:4d44857bc14a42a3e77c4cc94c02aab94675277389f7213282f6bdb5f1aa1fae,sha256:06e253cd44533be75f073bbe34e19d2dc832102e02a40a8a07517ad30cd618d7,sha256:06e253cd44533be75f073bbe34e19d2dc832102e02a40a8a07517ad30cd618d7,11884,True,True
case_102_small_search_space,small_search_space,243317,493,low,pass,,52104.5,100333.5,1.9256206277768715,2.0,2.0,1.0,42.0,42.0,1.0,42.0,42.0,1.0,0.0,0.0,1.0,1.0,50,50,50,1,24,50,175,0,25,25,0,0,0,50,0,25,25,1.0,0.0,0.04,True,True,sha256:082c82f92f9fae00b55880ed0acdcb3d9eb3194954eeaee33f8d993ef2241504,sha256:8dcc3b67040650b3ed27a582f128dcc9d0c83aa508a811ab4e94030a86fbf7fd,142458.5,2.9782161037766417,1157.7142857142858,126896.0,2.6691346598796852,100333.5,100333.5,1.9256206277768715,1.9256206277768715,1.419849800913952,1.264742085146038,1.0,42.0,1.0,sha256:082c82f92f9fae00b55880ed0acdcb3d9eb3194954eeaee33f8d993ef2241504,sha256:082c82f92f9fae00b55880ed0acdcb3d9eb3194954eeaee33f8d993ef2241504,sha256:8dcc3b67040650b3ed27a582f128dcc9d0c83aa508a811ab4e94030a86fbf7fd,sha256:8dcc3b67040650b3ed27a582f128dcc9d0c83aa508a811ab4e94030a86fbf7fd,16525,True,True
case_103_medium_search_space,medium_search_space,245627,495,high,pass,,60604.0,120125.0,1.9821298924163422,2.0,2.0,1.0,42.0,42.0,1.0,42.0,42.0,1.0,0.0,0.0,1.0,1.0,64,64,64,0,32,64,224,0,32,32,0,0,0,64,0,32,32,1.0,0.0,0.03125,True,True,sha256:b3756649054abea4dd00dc478b5bc73c7d8183fff929b4f8b681ad3171196170,sha256:630fcbe1bc6bbaf7a48659f64196f5614a6522830b873a9612f9d44ef1c26eac,175271.0,3.227113713359847,1482.5,158250.0,2.6765327695560255,120125.0,120125.0,1.9821298924163422,1.9821298924163422,1.4590718002081164,1.3173777315296566,1.0,42.0,1.0,sha256:b3756649054abea4dd00dc478b5bc73c7d8183fff929b4f8b681ad3171196170,sha256:b3756649054abea4dd00dc478b5bc73c7d8183fff929b4f8b681ad3171196170,sha256:630fcbe1bc6bbaf7a48659f64196f5614a6522830b873a9612f9d44ef1c26eac,sha256:630fcbe1bc6bbaf7a48659f64196f5614a6522830b873a9612f9d44ef1c26eac,21166,True,True
case_104_large_search_space,large_search_space,247937,497,medium,pass,,71708.0,145562.5,2.029933898588721,2.0,2.0,1.0,42.0,42.0,1.0,42.0,42.0,1.0,0.0,0.0,1.0,1.0,78,78,78,1,38,78,273,0,39,39,0,0,0,78,0,39,39,1.0,0.0,0.02564102564102564,True,True,sha256:481aa6ebb2a8f41df7cdfa05926a1aaf730ee9ff14ff6524f9ef06a07db05cbc,sha256:3d85a69a48cc6615b2e9a81173f14838c679796a13a03bf213cf5aa9283f7354,206312.5,3.332108565568144,1807.3809523809523,182958.0,2.772090909090909,145562.5,145562.5,2.029933898588721,2.029933898588721,1.4173465006440533,1.2569033920137398,1.0,42.0,1.0,sha256:481aa6ebb2a8f41df7cdfa05926a1aaf730ee9ff14ff6524f9ef06a07db05cbc,sha256:481aa6ebb2a8f41df7cdfa05926a1aaf730ee9ff14ff6524f9ef06a07db05cbc,sha256:3d85a69a48cc6615b2e9a81173f14838c679796a13a03bf213cf5aa9283f7354,sha256:3d85a69a48cc6615b2e9a81173f14838c679796a13a03bf213cf5aa9283f7354,25807,True,True
case_105_high_compression,high_compression,250247,500,low,pass,,79750.0,167687.5,2.102664576802508,2.0,2.0,1.0,42.0,42.0,1.0,42.0,42.0,1.0,0.0,0.0,1.0,1.0,92,92,92,0,46,92,322,0,46,46,0,0,0,92,0,46,46,1.0,0.0,0.021739130434782608,True,True,sha256:d0ef3ccc5bf124a05926473015682adf55175cd2ccd014d995a262e46b78860a,sha256:5df800e097ce9d8db18bf3cb9c7f522bfd68e2abc79fa344123e6e9fbd2c487d,228375.0,3.1987310124587682,2132.1666666666665,217146.0,2.8369707936217607,167687.5,167687.5,2.102664576802508,2.102664576802508,1.361908311591502,1.2949444651509505,1.0,42.0,1.0,sha256:d0ef3ccc5bf124a05926473015682adf55175cd2ccd014d995a262e46b78860a,sha256:d0ef3ccc5bf124a05926473015682adf55175cd2ccd014d995a262e46b78860a,sha256:5df800e097ce9d8db18bf3cb9c7f522bfd68e2abc79fa344123e6e9fbd2c487d,sha256:5df800e097ce9d8db18bf3cb9c7f522bfd68e2abc79fa344123e6e9fbd2c487d,30448,True,True
case_106_low_compression,low_compression,252557,502,high,pass,,33333.5,56520.5,1.6956065219673901,2.0,2.0,1.0,42.0,42.0,1.0,42.0,42.0,1.0,0.0,0.0,1.0,1.0,20,20,20,0,10,20,70,0,10,10,0,0,0,20,0,10,10,1.0,0.0,0.1,True,True,sha256:5bbcc4c42e13510073d8fa7e3d474346b5dfefe0cec806456bc9309c300a4317,sha256:e97e123eb75dbb325b23b9e73bfc634abfdf5119f2dd9e1cc251c3fb2f811991,80896.0,2.7915387004382484,461.5952380952381,65604.0,2.150915558761332,56520.5,56520.5,1.6956065219673901,1.6956065219673901,1.4312683008819809,1.1607116002158508,1.0,42.0,1.0,sha256:5bbcc4c42e13510073d8fa7e3d474346b5dfefe0cec806456bc9309c300a4317,sha256:5bbcc4c42e13510073d8fa7e3d474346b5dfefe0cec806456bc9309c300a4317,sha256:e97e123eb75dbb325b23b9e73bfc634abfdf5119f2dd9e1cc251c3fb2f811991,sha256:e97e123eb75dbb325b23b9e73bfc634abfdf5119f2dd9e1cc251c3fb2f811991,6580,True,True
case_107_early_termination,early_termination,254867,504,medium,pass,,39604.0,74624.5,1.8842667407332592,2.0,2.0,1.0,42.0,42.0,1.0,42.0,42.0,1.0,0.0,0.0,1.0,1.0,34,34,34,0,17,34,119,0,17,17,0,0,0,34,0,17,17,1.0,0.0,0.058823529411764705,True,True,sha256:061650912c3b8c8c28908b9b3bfe8c574ed247fa4b28f22b79418cf6e4faada2,sha256:be96f9fefc5cba3eababa124d376f9bd93333c0b595faef4ca0513818db4fe17,109438.0,3.029425605536332,786.4285714285714,94937.5,2.5995673662737366,74624.5,74624.5,1.8842667407332592,1.8842667407332592,1.466515688547327,1.2722028288296738,1.0,42.0,1.0,sha256:061650912c3b8c8c28908b9b3bfe8c574ed247fa4b28f22b79418cf6e4faada2,sha256:061650912c3b8c8c28908b9b3bfe8c574ed247fa4b28f22b79418cf6e4faada2,sha256:be96f9fefc5cba3eababa124d376f9bd93333c0b595faef4ca0513818db4fe17,sha256:be96f9fefc5cba3eababa124d376f9bd93333c0b595faef4ca0513818db4fe17,11221,True,True
case_108_long_search,long_search,257177,507,low,pass,,50979.0,98208.0,1.9264402989466252,2.0,2.0,1.0,42.0,42.0,1.0,42.0,42.0,1.0,0.0,0.0,1.0,1.0,48,48,48,0,24,48,168,0,24,24,0,0,0,48,0,24,24,1.0,0.0,0.041666666666666664,True,True,sha256:0c538ccc2d10d66b81205361130f990cd0846bbbd7c2fe823ddda6913d7d8833,sha256:a95e91eed8f629000d718d7cb69ab321638fb9dea69755869c2ad7841750a11b,138625.0,3.077683051374273,1111.2619047619048,124333.5,2.6418804780876495,98208.0,98208.0,1.9264402989466252,1.9264402989466252,1.4115448843271423,1.2660221163245358,1.0,42.0,1.0,sha256:0c538ccc2d10d66b81205361130f990cd0846bbbd7c2fe823ddda6913d7d8833,sha256:0c538ccc2d10d66b81205361130f990cd0846bbbd7c2fe823ddda6913d7d8833,sha256:a95e91eed8f629000d718d7cb69ab321638fb9dea69755869c2ad7841750a11b,sha256:a95e91eed8f629000d718d7cb69ab321638fb9dea69755869c2ad7841750a11b,15862,True,True
case_109_prime,prime,259487,509,high,pass,,58729.0,119166.5,2.0290912496381686,2.0,2.0,1.0,42.0,42.0,1.0,42.0,42.0,1.0,0.0,0.0,1.0,1.0,62,62,62,0,31,62,217,0,31,31,0,0,0,62,0,31,31,1.0,0.0,0.03225806451612903,True,True,sha256:760149c2b56f2c436829328a450f1149c102b57260cfb8317826f759b482d693,sha256:84514b492c5d4c6bcff2fd99bd2fbf2b38836172ce638ce55799d762191763de,166021.0,3.101978662581043,1436.095238095238,150729.0,2.703683441107095,119166.5,119166.5,2.0290912496381686,2.0290912496381686,1.3931851652939375,1.26486051029442,1.0,42.0,1.0,sha256:760149c2b56f2c436829328a450f1149c102b57260cfb8317826f759b482d693,sha256:760149c2b56f2c436829328a450f1149c102b57260cfb8317826f759b482d693,sha256:84514b492c5d4c6bcff2fd99bd2fbf2b38836172ce638ce55799d762191763de,sha256:84514b492c5d4c6bcff2fd99bd2fbf2b38836172ce638ce55799d762191763de,20503,True,True
case_110_semiprime,semiprime,44520,210,medium,pass,,68062.5,136749.5,2.009175390266299,2.0,2.0,1.0,42.0,42.0,1.0,42.0,42.0,1.0,0.0,0.0,1.0,1.0,76,76,76,17,21,76,266,0,38,38,0,0,0,76,0,38,38,1.0,0.0,0.02631578947368421,True,True,sha256:8783e43eaacbdfb70a8ff55ecb2814e24eba75683f689d105a3cb9a5f0fc24e0,sha256:4d26dc2b2c801f4aa5c786ec55739ce4c15c0ca60f8687bcd658280b1a8ccc82,200041.5,3.2928641975308643,1761.7380952380952,177292.0,2.7284297355319755,136749.5,136749.5,2.009175390266299,2.009175390266299,1.462831673973214,1.296472747615165,1.0,42.0,1.0,sha256:8783e43eaacbdfb70a8ff55ecb2814e24eba75683f689d105a3cb9a5f0fc24e0,sha256:8783e43eaacbdfb70a8ff55ecb2814e24eba75683f689d105a3cb9a5f0fc24e0,sha256:4d26dc2b2c801f4aa5c786ec55739ce4c15c0ca60f8687bcd658280b1a8ccc82,sha256:4d26dc2b2c801f4aa5c786ec55739ce4c15c0ca60f8687bcd658280b1a8ccc82,25144,True,True
case_111_composite,composite,17956,134,low,pass,,79125.0,161771.0,2.0444992101105846,2.0,2.0,1.0,42.0,42.0,1.0,42.0,42.0,1.0,0.0,0.0,1.0,1.0,90,90,90,2,43,90,315,0,45,45,0,0,0,90,0,45,45,1.0,0.0,0.022222222222222223,True,True,sha256:ccdda50e4ddb1abf965ee5669dbb19ef8cc63c769ea7bedd05f8520f518379a0,sha256:69fa5e2845643db48b39dfcdbb7d3c709fdf864f19bd4a3e3abaca24dbfac77c,224604.0,3.2531502563656907,2085.8571428571427,202958.0,2.8762869796279893,161771.0,161771.0,2.0444992101105846,2.0444992101105846,1.3884070692522146,1.2546006391751303,1.0,42.0,1.0,sha256:ccdda50e4ddb1abf965ee5669dbb19ef8cc63c769ea7bedd05f8520f518379a0,sha256:ccdda50e4ddb1abf965ee5669dbb19ef8cc63c769ea7bedd05f8520f518379a0,sha256:69fa5e2845643db48b39dfcdbb7d3c709fdf864f19bd4a3e3abaca24dbfac77c,sha256:69fa5e2845643db48b39dfcdbb7d3c709fdf864f19bd4a3e3abaca24dbfac77c,29785,True,True
case_112_highly_composite,highly_composite,80720640,8984,high,pass,,26895.5,47000.5,1.7475228198025692,2.0,2.0,1.0,42.0,42.0,1.0,42.0,42.0,1.0,0.0,0.0,0.0,0.0,18,18,18,9,0,18,63,0,9,9,0,0,0,18,0,9,9,1.0,0.0,0.1111111111111111,True,True,sha256:2ee397f4c33cad03329e324824bad10ac893400d426e18eb4829b3bb143762e4,sha256:2dfe756e4d7b9eb054ac5a17f18540b33fe3c552930eb0e4aa208f0488f1eb8a,73896.0,2.8128354459289713,415.76190476190476,59041.5,2.3229137978518315,47000.5,47000.5,1.7475228198025692,1.7475228198025692,1.5722385932064553,1.2561887639493197,1.0,42.0,1.0,sha256:2ee397f4c33cad03329e324824bad10ac893400d426e18eb4829b3bb143762e4,sha256:2ee397f4c33cad03329e324824bad10ac893400d426e18eb4829b3bb143762e4,sha256:2dfe756e4d7b9eb054ac5a17f18540b33fe3c552930eb0e4aa208f0488f1eb8a,sha256:2dfe756e4d7b9eb054ac5a17f18540b33fe3c552930eb0e4aa208f0488f1eb8a,5919,True,True
case_113_repeated_factor,repeated_factor,18496,136,medium,pass,,38979.5,70458.0,1.8075655152067112,2.0,2.0,1.0,42.0,42.0,1.0,42.0,42.0,1.0,0.0,0.0,1.0,1.0,32,32,32,5,11,32,112,0,16,16,0,0,0,32,0,16,16,1.0,0.0,0.0625,True,True,sha256:6fa1e4231ee147b799ce211eeedc4e28542ede563ca097df76d731e3131e1867,sha256:fd3e6695e279290c5b7d5d4f0998adb3b09491e5050d31729dea6f480f8a2b46,106271.5,3.039976543280508,740.2619047619048,91375.0,2.5120274914089347,70458.0,70458.0,1.8075655152067112,1.8075655152067112,1.5082957222742628,1.29687189531352,1.0,42.0,1.0,sha256:6fa1e4231ee147b799ce211eeedc4e28542ede563ca097df76d731e3131e1867,sha256:6fa1e4231ee147b799ce211eeedc4e28542ede563ca097df76d731e3131e1867,sha256:fd3e6695e279290c5b7d5d4f0998adb3b09491e5050d31729dea6f480f8a2b46,sha256:fd3e6695e279290c5b7d5d4f0998adb3b09491e5050d31729dea6f480f8a2b46,10558,True,True
case_114_small_search_space,small_search_space,271037,520,low,pass,,50937.0,98375.0,1.9313073011759625,2.0,2.0,1.0,42.0,42.0,1.0,42.0,42.0,1.0,0.0,0.0,1.0,1.0,46,46,46,1,22,46,161,0,23,23,0,0,0,46,0,23,23,1.0,0.0,0.043478260869565216,True,True,sha256:d62112d0b118b3e1e3bf00051a9e74c344ed64b51da11eddc497bacd68f267a0,sha256:f7762db8547d3c8a18252daaf4c76f96503914f06976f0c01d6d244bc7736821,134333.0,2.9605068870523414,1064.904761904762,119833.5,2.5655608722181187,98375.0,98375.0,1.9313073011759625,1.9313073011759625,1.3655196950444726,1.2181296060991105,1.0,42.0,1.0,sha256:d62112d0b118b3e1e3bf00051a9e74c344ed64b51da11eddc497bacd68f267a0,sha256:d62112d0b118b3e1e3bf00051a9e74c344ed64b51da11eddc497bacd68f267a0,sha256:f7762db8547d3c8a18252daaf4c76f96503914f06976f0c01d6d244bc7736821,sha256:f7762db8547d3c8a18252daaf4c76f96503914f06976f0c01d6d244bc7736821,15199,True,True
case_115_medium_search_space,medium_search_space,273347,522,high,pass,,60479.0,116583.0,1.927660840953058,2.0,2.0,1.0,42.0,42.0,1.0,42.0,42.0,1.0,0.0,0.0,1.0,1.0,60,60,60,0,30,60,210,0,30,30,0,0,0,60,0,30,30,1.0,0.0,0.03333333333333333,True,True,sha256:195e89b5b8698b06af9539b6ad9f018d7a3992042cc8487b03be00ce9990d7ef,sha256:57e2f59bd0ce8fa54fc7cc6723872746fe23aebccec47519e140d1f1114e4c3b,166520.5,3.1605014424536897,1389.6904761904761,146687.5,2.695643784513888,116583.0,116583.0,1.927660840953058,1.927660840953058,1.428342897334946,1.258223754749835,1.0,42.0,1.0,sha256:195e89b5b8698b06af9539b6ad9f018d7a3992042cc8487b03be00ce9990d7ef,sha256:195e89b5b8698b06af9539b6ad9f018d7a3992042cc8487b03be00ce9990d7ef,sha256:57e2f59bd0ce8fa54fc7cc6723872746fe23aebccec47519e140d1f1114e4c3b,sha256:57e2f59bd0ce8fa54fc7cc6723872746fe23aebccec47519e140d1f1114e4c3b,19840,True,True
case_116_large_search_space,large_search_space,275657,525,medium,pass,,66041.5,134833.5,2.0416480546323146,2.0,2.0,1.0,42.0,42.0,1.0,42.0,42.0,1.0,0.0,0.0,1.0,1.0,74,74,74,0,37,74,259,0,37,37,0,0,0,74,0,37,37,1.0,0.0,0.02702702702702703,True,True,sha256:c7362b05ab4dcb25189315e774b86a880d7c80866f1bad5d7b29254621c8511b,sha256:e1d363425afb0de4b13cafe1bcac15f6b8e81bddc56148d8c594de75280af529,194729.0,3.235372793354102,1714.5238095238096,174146.0,2.7937786262603574,134833.5,134833.5,2.0416480546323146,2.0416480546323146,1.4442182395324603,1.2915632984384444,1.0,42.0,1.0,sha256:c7362b05ab4dcb25189315e774b86a880d7c80866f1bad5d7b29254621c8511b,sha256:c7362b05ab4dcb25189315e774b86a880d7c80866f1bad5d7b29254621c8511b,sha256:e1d363425afb0de4b13cafe1bcac15f6b8e81bddc56148d8c594de75280af529,sha256:e1d363425afb0de4b13cafe1bcac15f6b8e81bddc56148d8c594de75280af529,24481,True,True
case_117_high_compression,high_compression,277967,527,low,pass,,75687.5,158875.0,2.0990916597853015,2.0,2.0,1.0,42.0,42.0,1.0,42.0,42.0,1.0,0.0,0.0,1.0,1.0,88,88,88,1,43,88,308,0,44,44,0,0,0,88,0,44,44,1.0,0.0,0.022727272727272728,True,True,sha256:995eb0e494b77407de7c72bbf74c10d6031f29219958b2b320c6f6e3037748ee,sha256:468cbb4dbdd7a710be00fe8b085d0d33fbe93698c3fb40bfd7fbc2e8ee1332b9,220979.0,3.242728846887565,2039.404761904762,202167.0,2.7443546252367086,158875.0,158875.0,2.0990916597853015,2.0990916597853015,1.3908985051140834,1.2724909520062944,1.0,42.0,1.0,sha256:995eb0e494b77407de7c72bbf74c10d6031f29219958b2b320c6f6e3037748ee,sha256:995eb0e494b77407de7c72bbf74c10d6031f29219958b2b320c6f6e3037748ee,sha256:468cbb4dbdd7a710be00fe8b085d0d33fbe93698c3fb40bfd7fbc2e8ee1332b9,sha256:468cbb4dbdd7a710be00fe8b085d0d33fbe93698c3fb40bfd7fbc2e8ee1332b9,29122,True,True
